{
  "$schema": "https://developer.microsoft.com/json-schemas/fabric/item/report/definition/page/2.0.0/schema.json",
  "name": "9617590c3faccc4e2e2f",
  "displayName": "Overview",
  "displayOption": "FitToPage",
  "height": 828,
  "width": 1660,
  "objects": {
    "background": [
      {
        "properties": {
          "transparency": {
            "expr": {
              "Literal": {
                "Value": "0D"
              }
            }
          },
          "color": {
            "solid": {
              "color": {
                "expr": {
                  "ThemeDataColor": {
                    "ColorId": 0,
                    "Percent": 0
                  }
                }
              }
            }
          },
          "image": {
            "image": {
              "name": {
                "expr": {
                  "Literal": {
                    "Value": "'Background layer Overview.JPG'"
                  }
                }
              },
              "url": {
                "expr": {
                  "ResourcePackageItem": {
                    "PackageName": "RegisteredResources",
                    "PackageType": 1,
                    "ItemName": "Background_layer_Overview022304523380925922.JPG"
                  }
                }
              },
              "scaling": {
                "expr": {
                  "Literal": {
                    "Value": "'Fill'"
                  }
                }
              }
            }
          }
        }
      }
    ]
  },
  "visualInteractions": [
    {
      "source": "9564546eaa1cfa9a5e7f",
      "target": "1a68daa9a7be659b8d46",
      "type": "NoFilter"
    },
    {
      "source": "9564546eaa1cfa9a5e7f",
      "target": "4c6b050fadea041dc7f4",
      "type": "NoFilter"
    },
    {
      "source": "9564546eaa1cfa9a5e7f",
      "target": "e2ffede8e9b50f32754f",
      "type": "NoFilter"
    },
    {
      "source": "9564546eaa1cfa9a5e7f",
      "target": "a4d3ab82369b0a830935",
      "type": "NoFilter"
    },
    {
      "source": "9564546eaa1cfa9a5e7f",
      "target": "d349597244dbed2f4f5c",
      "type": "NoFilter"
    },
    {
      "source": "e2ffede8e9b50f32754f",
      "target": "4c6b050fadea041dc7f4",
      "type": "NoFilter"
    },
    {
      "source": "e2ffede8e9b50f32754f",
      "target": "1a68daa9a7be659b8d46",
      "type": "NoFilter"
    },
    {
      "source": "e2ffede8e9b50f32754f",
      "target": "405d77606af3a073db92",
      "type": "DataFilter"
    },
    {
      "source": "e2ffede8e9b50f32754f",
      "target": "9564546eaa1cfa9a5e7f",
      "type": "NoFilter"
    },
    {
      "source": "4c6b050fadea041dc7f4",
      "target": "9564546eaa1cfa9a5e7f",
      "type": "NoFilter"
    },
    {
      "source": "e2ffede8e9b50f32754f",
      "target": "a4d3ab82369b0a830935",
      "type": "NoFilter"
    },
    {
      "source": "e2ffede8e9b50f32754f",
      "target": "d349597244dbed2f4f5c",
      "type": "NoFilter"
    },
    {
      "source": "4c6b050fadea041dc7f4",
      "target": "1a68daa9a7be659b8d46",
      "type": "NoFilter"
    },
    {
      "source": "4c6b050fadea041dc7f4",
      "target": "e2ffede8e9b50f32754f",
      "type": "NoFilter"
    },
    {
      "source": "4c6b050fadea041dc7f4",
      "target": "d349597244dbed2f4f5c",
      "type": "NoFilter"
    },
    {
      "source": "4c6b050fadea041dc7f4",
      "target": "a4d3ab82369b0a830935",
      "type": "NoFilter"
    },
    {
      "source": "9564546eaa1cfa9a5e7f",
      "target": "d7f4ffb6e7878689b177",
      "type": "NoFilter"
    },
    {
      "source": "9564546eaa1cfa9a5e7f",
      "target": "8a2c46e04e9c6215cc80",
      "type": "NoFilter"
    },
    {
      "source": "9564546eaa1cfa9a5e7f",
      "target": "405d77606af3a073db92",
      "type": "NoFilter"
    },
    {
      "source": "d7f4ffb6e7878689b177",
      "target": "7c48b3d301448a2130d2",
      "type": "NoFilter"
    },
    {
      "source": "d7f4ffb6e7878689b177",
      "target": "1a876c036c2b4aab40f6",
      "type": "NoFilter"
    },
    {
      "source": "d7f4ffb6e7878689b177",
      "target": "8a2c46e04e9c6215cc80",
      "type": "NoFilter"
    },
    {
      "source": "d7f4ffb6e7878689b177",
      "target": "f783bd634716cfc06279",
      "type": "NoFilter"
    },
    {
      "source": "d7f4ffb6e7878689b177",
      "target": "405d77606af3a073db92",
      "type": "NoFilter"
    },
    {
      "source": "d7f4ffb6e7878689b177",
      "target": "9564546eaa1cfa9a5e7f",
      "type": "NoFilter"
    },
    {
      "source": "d7f4ffb6e7878689b177",
      "target": "ce3472d3c3df3f992050",
      "type": "NoFilter"
    },
    {
      "source": "d7f4ffb6e7878689b177",
      "target": "f0b489b76ce804bfa0c5",
      "type": "NoFilter"
    },
    {
      "source": "d7f4ffb6e7878689b177",
      "target": "ac260891237f02cc3697",
      "type": "NoFilter"
    },
    {
      "source": "d7f4ffb6e7878689b177",
      "target": "6d67463aacee1fbe71e1",
      "type": "NoFilter"
    },
    {
      "source": "d7f4ffb6e7878689b177",
      "target": "d40dfbfd809350812e17",
      "type": "NoFilter"
    },
    {
      "source": "d7f4ffb6e7878689b177",
      "target": "b09ea925a058ffc83a99",
      "type": "NoFilter"
    },
    {
      "source": "d7f4ffb6e7878689b177",
      "target": "ea7ac92c1f2c309364c9",
      "type": "NoFilter"
    },
    {
      "source": "7c48b3d301448a2130d2",
      "target": "d7f4ffb6e7878689b177",
      "type": "NoFilter"
    },
    {
      "source": "7c48b3d301448a2130d2",
      "target": "1a876c036c2b4aab40f6",
      "type": "NoFilter"
    },
    {
      "source": "7c48b3d301448a2130d2",
      "target": "8a2c46e04e9c6215cc80",
      "type": "NoFilter"
    },
    {
      "source": "7c48b3d301448a2130d2",
      "target": "f783bd634716cfc06279",
      "type": "NoFilter"
    },
    {
      "source": "7c48b3d301448a2130d2",
      "target": "405d77606af3a073db92",
      "type": "NoFilter"
    },
    {
      "source": "7c48b3d301448a2130d2",
      "target": "9564546eaa1cfa9a5e7f",
      "type": "NoFilter"
    },
    {
      "source": "7c48b3d301448a2130d2",
      "target": "f0b489b76ce804bfa0c5",
      "type": "NoFilter"
    },
    {
      "source": "7c48b3d301448a2130d2",
      "target": "ce3472d3c3df3f992050",
      "type": "NoFilter"
    },
    {
      "source": "7c48b3d301448a2130d2",
      "target": "6d67463aacee1fbe71e1",
      "type": "NoFilter"
    },
    {
      "source": "7c48b3d301448a2130d2",
      "target": "ac260891237f02cc3697",
      "type": "NoFilter"
    },
    {
      "source": "7c48b3d301448a2130d2",
      "target": "d40dfbfd809350812e17",
      "type": "NoFilter"
    },
    {
      "source": "7c48b3d301448a2130d2",
      "target": "b09ea925a058ffc83a99",
      "type": "NoFilter"
    },
    {
      "source": "7c48b3d301448a2130d2",
      "target": "ea7ac92c1f2c309364c9",
      "type": "NoFilter"
    },
    {
      "source": "1a876c036c2b4aab40f6",
      "target": "7c48b3d301448a2130d2",
      "type": "NoFilter"
    },
    {
      "source": "1a876c036c2b4aab40f6",
      "target": "d7f4ffb6e7878689b177",
      "type": "NoFilter"
    },
    {
      "source": "1a876c036c2b4aab40f6",
      "target": "8a2c46e04e9c6215cc80",
      "type": "NoFilter"
    },
    {
      "source": "1a876c036c2b4aab40f6",
      "target": "f783bd634716cfc06279",
      "type": "NoFilter"
    },
    {
      "source": "1a876c036c2b4aab40f6",
      "target": "405d77606af3a073db92",
      "type": "NoFilter"
    },
    {
      "source": "1a876c036c2b4aab40f6",
      "target": "9564546eaa1cfa9a5e7f",
      "type": "NoFilter"
    },
    {
      "source": "1a876c036c2b4aab40f6",
      "target": "d40dfbfd809350812e17",
      "type": "NoFilter"
    },
    {
      "source": "1a876c036c2b4aab40f6",
      "target": "b09ea925a058ffc83a99",
      "type": "NoFilter"
    },
    {
      "source": "1a876c036c2b4aab40f6",
      "target": "ea7ac92c1f2c309364c9",
      "type": "NoFilter"
    },
    {
      "source": "1a876c036c2b4aab40f6",
      "target": "6d67463aacee1fbe71e1",
      "type": "NoFilter"
    },
    {
      "source": "1a876c036c2b4aab40f6",
      "target": "ac260891237f02cc3697",
      "type": "NoFilter"
    },
    {
      "source": "1a876c036c2b4aab40f6",
      "target": "ce3472d3c3df3f992050",
      "type": "NoFilter"
    },
    {
      "source": "1a876c036c2b4aab40f6",
      "target": "f0b489b76ce804bfa0c5",
      "type": "NoFilter"
    },
    {
      "source": "8a2c46e04e9c6215cc80",
      "target": "d7f4ffb6e7878689b177",
      "type": "NoFilter"
    },
    {
      "source": "8a2c46e04e9c6215cc80",
      "target": "7c48b3d301448a2130d2",
      "type": "NoFilter"
    },
    {
      "source": "8a2c46e04e9c6215cc80",
      "target": "f0b489b76ce804bfa0c5",
      "type": "NoFilter"
    },
    {
      "source": "8a2c46e04e9c6215cc80",
      "target": "1a876c036c2b4aab40f6",
      "type": "NoFilter"
    },
    {
      "source": "8a2c46e04e9c6215cc80",
      "target": "ac260891237f02cc3697",
      "type": "NoFilter"
    },
    {
      "source": "8a2c46e04e9c6215cc80",
      "target": "6d67463aacee1fbe71e1",
      "type": "NoFilter"
    },
    {
      "source": "8a2c46e04e9c6215cc80",
      "target": "ce3472d3c3df3f992050",
      "type": "NoFilter"
    },
    {
      "source": "8a2c46e04e9c6215cc80",
      "target": "ea7ac92c1f2c309364c9",
      "type": "NoFilter"
    },
    {
      "source": "8a2c46e04e9c6215cc80",
      "target": "b09ea925a058ffc83a99",
      "type": "NoFilter"
    },
    {
      "source": "8a2c46e04e9c6215cc80",
      "target": "d40dfbfd809350812e17",
      "type": "NoFilter"
    },
    {
      "source": "8a2c46e04e9c6215cc80",
      "target": "f783bd634716cfc06279",
      "type": "NoFilter"
    },
    {
      "source": "8a2c46e04e9c6215cc80",
      "target": "405d77606af3a073db92",
      "type": "NoFilter"
    },
    {
      "source": "8a2c46e04e9c6215cc80",
      "target": "9564546eaa1cfa9a5e7f",
      "type": "NoFilter"
    },
    {
      "source": "f783bd634716cfc06279",
      "target": "9564546eaa1cfa9a5e7f",
      "type": "NoFilter"
    },
    {
      "source": "f783bd634716cfc06279",
      "target": "405d77606af3a073db92",
      "type": "NoFilter"
    },
    {
      "source": "f783bd634716cfc06279",
      "target": "8a2c46e04e9c6215cc80",
      "type": "NoFilter"
    },
    {
      "source": "f783bd634716cfc06279",
      "target": "1a876c036c2b4aab40f6",
      "type": "NoFilter"
    },
    {
      "source": "f783bd634716cfc06279",
      "target": "d7f4ffb6e7878689b177",
      "type": "NoFilter"
    },
    {
      "source": "f783bd634716cfc06279",
      "target": "7c48b3d301448a2130d2",
      "type": "NoFilter"
    },
    {
      "source": "f783bd634716cfc06279",
      "target": "f0b489b76ce804bfa0c5",
      "type": "NoFilter"
    },
    {
      "source": "f783bd634716cfc06279",
      "target": "ce3472d3c3df3f992050",
      "type": "NoFilter"
    },
    {
      "source": "f783bd634716cfc06279",
      "target": "ac260891237f02cc3697",
      "type": "NoFilter"
    },
    {
      "source": "f783bd634716cfc06279",
      "target": "6d67463aacee1fbe71e1",
      "type": "NoFilter"
    },
    {
      "source": "f783bd634716cfc06279",
      "target": "d40dfbfd809350812e17",
      "type": "NoFilter"
    },
    {
      "source": "f783bd634716cfc06279",
      "target": "b09ea925a058ffc83a99",
      "type": "NoFilter"
    },
    {
      "source": "f783bd634716cfc06279",
      "target": "ea7ac92c1f2c309364c9",
      "type": "NoFilter"
    },
    {
      "source": "405d77606af3a073db92",
      "target": "9564546eaa1cfa9a5e7f",
      "type": "NoFilter"
    },
    {
      "source": "405d77606af3a073db92",
      "target": "f783bd634716cfc06279",
      "type": "NoFilter"
    },
    {
      "source": "405d77606af3a073db92",
      "target": "8a2c46e04e9c6215cc80",
      "type": "NoFilter"
    },
    {
      "source": "405d77606af3a073db92",
      "target": "1a876c036c2b4aab40f6",
      "type": "NoFilter"
    },
    {
      "source": "405d77606af3a073db92",
      "target": "d7f4ffb6e7878689b177",
      "type": "NoFilter"
    },
    {
      "source": "405d77606af3a073db92",
      "target": "7c48b3d301448a2130d2",
      "type": "NoFilter"
    },
    {
      "source": "405d77606af3a073db92",
      "target": "f0b489b76ce804bfa0c5",
      "type": "NoFilter"
    },
    {
      "source": "405d77606af3a073db92",
      "target": "ce3472d3c3df3f992050",
      "type": "NoFilter"
    },
    {
      "source": "405d77606af3a073db92",
      "target": "ac260891237f02cc3697",
      "type": "NoFilter"
    },
    {
      "source": "405d77606af3a073db92",
      "target": "6d67463aacee1fbe71e1",
      "type": "NoFilter"
    },
    {
      "source": "405d77606af3a073db92",
      "target": "d40dfbfd809350812e17",
      "type": "NoFilter"
    },
    {
      "source": "405d77606af3a073db92",
      "target": "b09ea925a058ffc83a99",
      "type": "NoFilter"
    },
    {
      "source": "405d77606af3a073db92",
      "target": "ea7ac92c1f2c309364c9",
      "type": "NoFilter"
    },
    {
      "source": "7c48b3d301448a2130d2",
      "target": "d349597244dbed2f4f5c",
      "type": "NoFilter"
    },
    {
      "source": "7c48b3d301448a2130d2",
      "target": "a4d3ab82369b0a830935",
      "type": "NoFilter"
    },
    {
      "source": "7c48b3d301448a2130d2",
      "target": "e2ffede8e9b50f32754f",
      "type": "NoFilter"
    },
    {
      "source": "7c48b3d301448a2130d2",
      "target": "4c6b050fadea041dc7f4",
      "type": "NoFilter"
    },
    {
      "source": "7c48b3d301448a2130d2",
      "target": "1a68daa9a7be659b8d46",
      "type": "NoFilter"
    },
    {
      "source": "d7f4ffb6e7878689b177",
      "target": "d349597244dbed2f4f5c",
      "type": "NoFilter"
    },
    {
      "source": "d7f4ffb6e7878689b177",
      "target": "a4d3ab82369b0a830935",
      "type": "NoFilter"
    },
    {
      "source": "d7f4ffb6e7878689b177",
      "target": "e2ffede8e9b50f32754f",
      "type": "NoFilter"
    },
    {
      "source": "d7f4ffb6e7878689b177",
      "target": "4c6b050fadea041dc7f4",
      "type": "NoFilter"
    },
    {
      "source": "d7f4ffb6e7878689b177",
      "target": "1a68daa9a7be659b8d46",
      "type": "NoFilter"
    },
    {
      "source": "1a876c036c2b4aab40f6",
      "target": "d349597244dbed2f4f5c",
      "type": "NoFilter"
    },
    {
      "source": "1a876c036c2b4aab40f6",
      "target": "a4d3ab82369b0a830935",
      "type": "NoFilter"
    },
    {
      "source": "1a876c036c2b4aab40f6",
      "target": "e2ffede8e9b50f32754f",
      "type": "NoFilter"
    },
    {
      "source": "1a876c036c2b4aab40f6",
      "target": "4c6b050fadea041dc7f4",
      "type": "NoFilter"
    },
    {
      "source": "1a876c036c2b4aab40f6",
      "target": "1a68daa9a7be659b8d46",
      "type": "NoFilter"
    },
    {
      "source": "8a2c46e04e9c6215cc80",
      "target": "d349597244dbed2f4f5c",
      "type": "NoFilter"
    },
    {
      "source": "8a2c46e04e9c6215cc80",
      "target": "a4d3ab82369b0a830935",
      "type": "NoFilter"
    },
    {
      "source": "8a2c46e04e9c6215cc80",
      "target": "e2ffede8e9b50f32754f",
      "type": "NoFilter"
    },
    {
      "source": "8a2c46e04e9c6215cc80",
      "target": "4c6b050fadea041dc7f4",
      "type": "NoFilter"
    },
    {
      "source": "8a2c46e04e9c6215cc80",
      "target": "1a68daa9a7be659b8d46",
      "type": "NoFilter"
    },
    {
      "source": "f783bd634716cfc06279",
      "target": "d349597244dbed2f4f5c",
      "type": "NoFilter"
    },
    {
      "source": "f783bd634716cfc06279",
      "target": "a4d3ab82369b0a830935",
      "type": "NoFilter"
    },
    {
      "source": "f783bd634716cfc06279",
      "target": "e2ffede8e9b50f32754f",
      "type": "NoFilter"
    },
    {
      "source": "f783bd634716cfc06279",
      "target": "4c6b050fadea041dc7f4",
      "type": "NoFilter"
    },
    {
      "source": "f783bd634716cfc06279",
      "target": "1a68daa9a7be659b8d46",
      "type": "NoFilter"
    },
    {
      "source": "405d77606af3a073db92",
      "target": "d349597244dbed2f4f5c",
      "type": "NoFilter"
    },
    {
      "source": "405d77606af3a073db92",
      "target": "a4d3ab82369b0a830935",
      "type": "NoFilter"
    },
    {
      "source": "405d77606af3a073db92",
      "target": "e2ffede8e9b50f32754f",
      "type": "NoFilter"
    },
    {
      "source": "405d77606af3a073db92",
      "target": "4c6b050fadea041dc7f4",
      "type": "NoFilter"
    },
    {
      "source": "405d77606af3a073db92",
      "target": "1a68daa9a7be659b8d46",
      "type": "NoFilter"
    },
    {
      "source": "f0b489b76ce804bfa0c5",
      "target": "d349597244dbed2f4f5c",
      "type": "NoFilter"
    },
    {
      "source": "f0b489b76ce804bfa0c5",
      "target": "a4d3ab82369b0a830935",
      "type": "NoFilter"
    },
    {
      "source": "f0b489b76ce804bfa0c5",
      "target": "e2ffede8e9b50f32754f",
      "type": "NoFilter"
    },
    {
      "source": "f0b489b76ce804bfa0c5",
      "target": "4c6b050fadea041dc7f4",
      "type": "NoFilter"
    },
    {
      "source": "f0b489b76ce804bfa0c5",
      "target": "1a68daa9a7be659b8d46",
      "type": "NoFilter"
    },
    {
      "source": "6d67463aacee1fbe71e1",
      "target": "d349597244dbed2f4f5c",
      "type": "NoFilter"
    },
    {
      "source": "6d67463aacee1fbe71e1",
      "target": "a4d3ab82369b0a830935",
      "type": "NoFilter"
    },
    {
      "source": "6d67463aacee1fbe71e1",
      "target": "e2ffede8e9b50f32754f",
      "type": "NoFilter"
    },
    {
      "source": "6d67463aacee1fbe71e1",
      "target": "4c6b050fadea041dc7f4",
      "type": "NoFilter"
    },
    {
      "source": "6d67463aacee1fbe71e1",
      "target": "1a68daa9a7be659b8d46",
      "type": "NoFilter"
    },
    {
      "source": "d40dfbfd809350812e17",
      "target": "d349597244dbed2f4f5c",
      "type": "NoFilter"
    },
    {
      "source": "d40dfbfd809350812e17",
      "target": "e2ffede8e9b50f32754f",
      "type": "NoFilter"
    },
    {
      "source": "d40dfbfd809350812e17",
      "target": "4c6b050fadea041dc7f4",
      "type": "NoFilter"
    },
    {
      "source": "d40dfbfd809350812e17",
      "target": "1a68daa9a7be659b8d46",
      "type": "NoFilter"
    },
    {
      "source": "ea7ac92c1f2c309364c9",
      "target": "d349597244dbed2f4f5c",
      "type": "NoFilter"
    },
    {
      "source": "ea7ac92c1f2c309364c9",
      "target": "a4d3ab82369b0a830935",
      "type": "NoFilter"
    },
    {
      "source": "ea7ac92c1f2c309364c9",
      "target": "e2ffede8e9b50f32754f",
      "type": "NoFilter"
    },
    {
      "source": "ea7ac92c1f2c309364c9",
      "target": "4c6b050fadea041dc7f4",
      "type": "NoFilter"
    },
    {
      "source": "ea7ac92c1f2c309364c9",
      "target": "1a68daa9a7be659b8d46",
      "type": "NoFilter"
    },
    {
      "source": "b09ea925a058ffc83a99",
      "target": "d349597244dbed2f4f5c",
      "type": "NoFilter"
    },
    {
      "source": "b09ea925a058ffc83a99",
      "target": "a4d3ab82369b0a830935",
      "type": "NoFilter"
    },
    {
      "source": "b09ea925a058ffc83a99",
      "target": "e2ffede8e9b50f32754f",
      "type": "NoFilter"
    },
    {
      "source": "b09ea925a058ffc83a99",
      "target": "4c6b050fadea041dc7f4",
      "type": "NoFilter"
    },
    {
      "source": "b09ea925a058ffc83a99",
      "target": "1a68daa9a7be659b8d46",
      "type": "NoFilter"
    },
    {
      "source": "d40dfbfd809350812e17",
      "target": "a4d3ab82369b0a830935",
      "type": "NoFilter"
    },
    {
      "source": "f0b489b76ce804bfa0c5",
      "target": "d40dfbfd809350812e17",
      "type": "DataFilter"
    },
    {
      "source": "f0b489b76ce804bfa0c5",
      "target": "ea7ac92c1f2c309364c9",
      "type": "DataFilter"
    },
    {
      "source": "6d67463aacee1fbe71e1",
      "target": "d40dfbfd809350812e17",
      "type": "DataFilter"
    },
    {
      "source": "6d67463aacee1fbe71e1",
      "target": "ea7ac92c1f2c309364c9",
      "type": "DataFilter"
    },
    {
      "source": "d40dfbfd809350812e17",
      "target": "ea7ac92c1f2c309364c9",
      "type": "DataFilter"
    },
    {
      "source": "ea7ac92c1f2c309364c9",
      "target": "d40dfbfd809350812e17",
      "type": "DataFilter"
    },
    {
      "source": "ea7ac92c1f2c309364c9",
      "target": "6d67463aacee1fbe71e1",
      "type": "DataFilter"
    },
    {
      "source": "ea7ac92c1f2c309364c9",
      "target": "f0b489b76ce804bfa0c5",
      "type": "DataFilter"
    },
    {
      "source": "b09ea925a058ffc83a99",
      "target": "f0b489b76ce804bfa0c5",
      "type": "DataFilter"
    },
    {
      "source": "b09ea925a058ffc83a99",
      "target": "6d67463aacee1fbe71e1",
      "type": "DataFilter"
    },
    {
      "source": "d40dfbfd809350812e17",
      "target": "6d67463aacee1fbe71e1",
      "type": "DataFilter"
    },
    {
      "source": "d40dfbfd809350812e17",
      "target": "f0b489b76ce804bfa0c5",
      "type": "DataFilter"
    },
    {
      "source": "d40dfbfd809350812e17",
      "target": "d7f4ffb6e7878689b177",
      "type": "NoFilter"
    },
    {
      "source": "d40dfbfd809350812e17",
      "target": "8a2c46e04e9c6215cc80",
      "type": "NoFilter"
    },
    {
      "source": "d40dfbfd809350812e17",
      "target": "405d77606af3a073db92",
      "type": "NoFilter"
    }
  ]
}