{
  "$schema": "https://developer.microsoft.com/json-schemas/fabric/item/report/definition/page/2.0.0/schema.json",
  "name": "c5d2f389747ebbc0c1b7",
  "displayName": "Customer Behaviour",
  "displayOption": "FitToPage",
  "height": 800,
  "width": 1395,
  "objects": {
    "background": [
      {
        "properties": {
          "transparency": {
            "expr": {
              "Literal": {
                "Value": "0D"
              }
            }
          },
          "color": {
            "solid": {
              "color": {
                "expr": {
                  "ThemeDataColor": {
                    "ColorId": 0,
                    "Percent": 0
                  }
                }
              }
            }
          },
          "image": {
            "image": {
              "name": {
                "expr": {
                  "Literal": {
                    "Value": "'Background layer Customer Behaviour.JPG'"
                  }
                }
              },
              "url": {
                "expr": {
                  "ResourcePackageItem": {
                    "PackageName": "RegisteredResources",
                    "PackageType": 1,
                    "ItemName": "Background_layer_Customer_Beha13576379793708815.JPG"
                  }
                }
              },
              "scaling": {
                "expr": {
                  "Literal": {
                    "Value": "'Fill'"
                  }
                }
              }
            }
          }
        }
      }
    ]
  },
  "visualInteractions": [
    {
      "source": "422632af65d2ea7fa133",
      "target": "f7363180fbd85691b8a0",
      "type": "NoFilter"
    },
    {
      "source": "acdb63c3f7b018785d93",
      "target": "f7363180fbd85691b8a0",
      "type": "NoFilter"
    },
    {
      "source": "4b7393d354d44586e585",
      "target": "f7363180fbd85691b8a0",
      "type": "DataFilter"
    },
    {
      "source": "8db1a5410905117b2d33",
      "target": "f7363180fbd85691b8a0",
      "type": "DataFilter"
    },
    {
      "source": "886518892e5eaee4b95d",
      "target": "f7363180fbd85691b8a0",
      "type": "NoFilter"
    },
    {
      "source": "4b7393d354d44586e585",
      "target": "8db1a5410905117b2d33",
      "type": "DataFilter"
    },
    {
      "source": "8db1a5410905117b2d33",
      "target": "4b7393d354d44586e585",
      "type": "DataFilter"
    },
    {
      "source": "886518892e5eaee4b95d",
      "target": "4b7393d354d44586e585",
      "type": "DataFilter"
    },
    {
      "source": "886518892e5eaee4b95d",
      "target": "8db1a5410905117b2d33",
      "type": "DataFilter"
    },
    {
      "source": "422632af65d2ea7fa133",
      "target": "4b7393d354d44586e585",
      "type": "DataFilter"
    },
    {
      "source": "422632af65d2ea7fa133",
      "target": "8db1a5410905117b2d33",
      "type": "DataFilter"
    },
    {
      "source": "886518892e5eaee4b95d",
      "target": "422632af65d2ea7fa133",
      "type": "NoFilter"
    },
    {
      "source": "acdb63c3f7b018785d93",
      "target": "4b7393d354d44586e585",
      "type": "NoFilter"
    },
    {
      "source": "acdb63c3f7b018785d93",
      "target": "8db1a5410905117b2d33",
      "type": "NoFilter"
    },
    {
      "source": "8ca9c51faa028a63e261",
      "target": "31308f52e3a8a0b9d910",
      "type": "NoFilter"
    },
    {
      "source": "8ca9c51faa028a63e261",
      "target": "5f2cae45189558328660",
      "type": "NoFilter"
    },
    {
      "source": "8ca9c51faa028a63e261",
      "target": "76390b1232445897af5e",
      "type": "NoFilter"
    },
    {
      "source": "8ca9c51faa028a63e261",
      "target": "354970995f27843b7353",
      "type": "NoFilter"
    },
    {
      "source": "8ca9c51faa028a63e261",
      "target": "e19cc9326c3a331aed52",
      "type": "NoFilter"
    },
    {
      "source": "76390b1232445897af5e",
      "target": "8ca9c51faa028a63e261",
      "type": "NoFilter"
    },
    {
      "source": "76390b1232445897af5e",
      "target": "31308f52e3a8a0b9d910",
      "type": "NoFilter"
    },
    {
      "source": "76390b1232445897af5e",
      "target": "5f2cae45189558328660",
      "type": "NoFilter"
    },
    {
      "source": "76390b1232445897af5e",
      "target": "354970995f27843b7353",
      "type": "NoFilter"
    },
    {
      "source": "76390b1232445897af5e",
      "target": "e19cc9326c3a331aed52",
      "type": "NoFilter"
    },
    {
      "source": "354970995f27843b7353",
      "target": "e19cc9326c3a331aed52",
      "type": "NoFilter"
    },
    {
      "source": "354970995f27843b7353",
      "target": "76390b1232445897af5e",
      "type": "NoFilter"
    },
    {
      "source": "354970995f27843b7353",
      "target": "5f2cae45189558328660",
      "type": "NoFilter"
    },
    {
      "source": "354970995f27843b7353",
      "target": "31308f52e3a8a0b9d910",
      "type": "NoFilter"
    },
    {
      "source": "354970995f27843b7353",
      "target": "8ca9c51faa028a63e261",
      "type": "NoFilter"
    },
    {
      "source": "886518892e5eaee4b95d",
      "target": "31308f52e3a8a0b9d910",
      "type": "NoFilter"
    },
    {
      "source": "886518892e5eaee4b95d",
      "target": "5f2cae45189558328660",
      "type": "NoFilter"
    },
    {
      "source": "886518892e5eaee4b95d",
      "target": "76390b1232445897af5e",
      "type": "NoFilter"
    },
    {
      "source": "886518892e5eaee4b95d",
      "target": "354970995f27843b7353",
      "type": "NoFilter"
    },
    {
      "source": "886518892e5eaee4b95d",
      "target": "e19cc9326c3a331aed52",
      "type": "NoFilter"
    },
    {
      "source": "422632af65d2ea7fa133",
      "target": "31308f52e3a8a0b9d910",
      "type": "NoFilter"
    },
    {
      "source": "422632af65d2ea7fa133",
      "target": "5f2cae45189558328660",
      "type": "NoFilter"
    },
    {
      "source": "422632af65d2ea7fa133",
      "target": "76390b1232445897af5e",
      "type": "NoFilter"
    },
    {
      "source": "422632af65d2ea7fa133",
      "target": "354970995f27843b7353",
      "type": "NoFilter"
    },
    {
      "source": "422632af65d2ea7fa133",
      "target": "e19cc9326c3a331aed52",
      "type": "NoFilter"
    },
    {
      "source": "422632af65d2ea7fa133",
      "target": "8ca9c51faa028a63e261",
      "type": "NoFilter"
    },
    {
      "source": "886518892e5eaee4b95d",
      "target": "8ca9c51faa028a63e261",
      "type": "NoFilter"
    },
    {
      "source": "acdb63c3f7b018785d93",
      "target": "8ca9c51faa028a63e261",
      "type": "NoFilter"
    },
    {
      "source": "acdb63c3f7b018785d93",
      "target": "31308f52e3a8a0b9d910",
      "type": "NoFilter"
    },
    {
      "source": "acdb63c3f7b018785d93",
      "target": "5f2cae45189558328660",
      "type": "NoFilter"
    },
    {
      "source": "acdb63c3f7b018785d93",
      "target": "76390b1232445897af5e",
      "type": "NoFilter"
    },
    {
      "source": "acdb63c3f7b018785d93",
      "target": "354970995f27843b7353",
      "type": "NoFilter"
    },
    {
      "source": "acdb63c3f7b018785d93",
      "target": "e19cc9326c3a331aed52",
      "type": "NoFilter"
    },
    {
      "source": "4b7393d354d44586e585",
      "target": "8ca9c51faa028a63e261",
      "type": "NoFilter"
    },
    {
      "source": "4b7393d354d44586e585",
      "target": "e19cc9326c3a331aed52",
      "type": "NoFilter"
    },
    {
      "source": "4b7393d354d44586e585",
      "target": "354970995f27843b7353",
      "type": "NoFilter"
    },
    {
      "source": "4b7393d354d44586e585",
      "target": "76390b1232445897af5e",
      "type": "NoFilter"
    },
    {
      "source": "4b7393d354d44586e585",
      "target": "5f2cae45189558328660",
      "type": "NoFilter"
    },
    {
      "source": "4b7393d354d44586e585",
      "target": "31308f52e3a8a0b9d910",
      "type": "NoFilter"
    },
    {
      "source": "8db1a5410905117b2d33",
      "target": "8ca9c51faa028a63e261",
      "type": "NoFilter"
    },
    {
      "source": "8db1a5410905117b2d33",
      "target": "31308f52e3a8a0b9d910",
      "type": "NoFilter"
    },
    {
      "source": "8db1a5410905117b2d33",
      "target": "5f2cae45189558328660",
      "type": "NoFilter"
    },
    {
      "source": "8db1a5410905117b2d33",
      "target": "76390b1232445897af5e",
      "type": "NoFilter"
    },
    {
      "source": "8db1a5410905117b2d33",
      "target": "354970995f27843b7353",
      "type": "NoFilter"
    },
    {
      "source": "8db1a5410905117b2d33",
      "target": "e19cc9326c3a331aed52",
      "type": "NoFilter"
    },
    {
      "source": "422632af65d2ea7fa133",
      "target": "886518892e5eaee4b95d",
      "type": "NoFilter"
    },
    {
      "source": "4b7393d354d44586e585",
      "target": "acdb63c3f7b018785d93",
      "type": "NoFilter"
    },
    {
      "source": "8db1a5410905117b2d33",
      "target": "acdb63c3f7b018785d93",
      "type": "NoFilter"
    },
    {
      "source": "acdb63c3f7b018785d93",
      "target": "422632af65d2ea7fa133",
      "type": "NoFilter"
    },
    {
      "source": "acdb63c3f7b018785d93",
      "target": "886518892e5eaee4b95d",
      "type": "NoFilter"
    }
  ]
}