{
  "$schema": "https://developer.microsoft.com/json-schemas/fabric/item/report/definition/visualContainer/2.4.0/schema.json",
  "name": "422632af65d2ea7fa133",
  "position": {
    "x": 0,
    "y": 209.17544236996159,
    "z": 5000,
    "height": 420.6370940656729,
    "width": 394.1819309168884,
    "tabOrder": 2000
  },
  "visual": {
    "visualType": "pivotTable",
    "query": {
      "queryState": {
        "Columns": {
          "projections": [
            {
              "field": {
                "Column": {
                  "Expression": {
                    "SourceRef": {
                      "Entity": "Calendar"
                    }
                  },
                  "Property": "Week Day"
                }
              },
              "queryRef": "Calendar.Week Day",
              "nativeQueryRef": "Week Day",
              "active": true
            }
          ]
        },
        "Rows": {
          "projections": [
            {
              "field": {
                "Column": {
                  "Expression": {
                    "SourceRef": {
                      "Entity": "FACT_Transaction"
                    }
                  },
                  "Property": "Transaction Time"
                }
              },
              "queryRef": "FACT_Transaction.Transaction Time",
              "nativeQueryRef": "Hour",
              "active": true,
              "displayName": "Hour"
            }
          ]
        },
        "Values": {
          "projections": [
            {
              "field": {
                "Measure": {
                  "Expression": {
                    "SourceRef": {
                      "Entity": "Measure"
                    }
                  },
                  "Property": "TotalSalesBlank"
                }
              },
              "queryRef": "Measure.TotalSalesBlank",
              "nativeQueryRef": "TotalSalesBlank"
            }
          ]
        }
      },
      "sortDefinition": {
        "sort": [
          {
            "field": {
              "Column": {
                "Expression": {
                  "SourceRef": {
                    "Entity": "FACT_Transaction"
                  }
                },
                "Property": "Transaction Time"
              }
            },
            "direction": "Ascending"
          }
        ]
      }
    },
    "objects": {
      "columnWidth": [
        {
          "properties": {
            "value": {
              "expr": {
                "Literal": {
                  "Value": "43.71073285884375D"
                }
              }
            }
          },
          "selector": {
            "data": [
              {
                "scopeId": {
                  "Comparison": {
                    "ComparisonKind": 0,
                    "Left": {
                      "Column": {
                        "Expression": {
                          "SourceRef": {
                            "Entity": "Calendar"
                          }
                        },
                        "Property": "Week Day"
                      }
                    },
                    "Right": {
                      "Literal": {
                        "Value": "'Wed'"
                      }
                    }
                  }
                }
              }
            ]
          }
        },
        {
          "properties": {
            "value": {
              "expr": {
                "Literal": {
                  "Value": "52.77314746205253D"
                }
              }
            }
          },
          "selector": {
            "metadata": "FACT_Transaction.Transaction Time"
          }
        },
        {
          "properties": {
            "value": {
              "expr": {
                "Literal": {
                  "Value": "135.88560878077033D"
                }
              }
            }
          },
          "selector": {
            "data": [
              {
                "total": [
                  {
                    "Column": {
                      "Expression": {
                        "SourceRef": {
                          "Entity": "Calendar"
                        }
                      },
                      "Property": "Week Day"
                    }
                  }
                ]
              }
            ]
          }
        },
        {
          "properties": {
            "value": {
              "expr": {
                "Literal": {
                  "Value": "44.103618146094064D"
                }
              }
            }
          },
          "selector": {
            "data": [
              {
                "scopeId": {
                  "Comparison": {
                    "ComparisonKind": 0,
                    "Left": {
                      "Column": {
                        "Expression": {
                          "SourceRef": {
                            "Entity": "Calendar"
                          }
                        },
                        "Property": "Week Day"
                      }
                    },
                    "Right": {
                      "Literal": {
                        "Value": "'Mon'"
                      }
                    }
                  }
                }
              }
            ]
          }
        },
        {
          "properties": {
            "value": {
              "expr": {
                "Literal": {
                  "Value": "42.85659079820973D"
                }
              }
            }
          },
          "selector": {
            "data": [
              {
                "scopeId": {
                  "Comparison": {
                    "ComparisonKind": 0,
                    "Left": {
                      "Column": {
                        "Expression": {
                          "SourceRef": {
                            "Entity": "Calendar"
                          }
                        },
                        "Property": "Week Day"
                      }
                    },
                    "Right": {
                      "Literal": {
                        "Value": "'Tue'"
                      }
                    }
                  }
                }
              }
            ]
          }
        },
        {
          "properties": {
            "value": {
              "expr": {
                "Literal": {
                  "Value": "41.523666621141025D"
                }
              }
            }
          },
          "selector": {
            "data": [
              {
                "scopeId": {
                  "Comparison": {
                    "ComparisonKind": 0,
                    "Left": {
                      "Column": {
                        "Expression": {
                          "SourceRef": {
                            "Entity": "Calendar"
                          }
                        },
                        "Property": "Week Day"
                      }
                    },
                    "Right": {
                      "Literal": {
                        "Value": "'Thu'"
                      }
                    }
                  }
                }
              }
            ]
          }
        },
        {
          "properties": {
            "value": {
              "expr": {
                "Literal": {
                  "Value": "41.49759497526341D"
                }
              }
            }
          },
          "selector": {
            "data": [
              {
                "scopeId": {
                  "Comparison": {
                    "ComparisonKind": 0,
                    "Left": {
                      "Column": {
                        "Expression": {
                          "SourceRef": {
                            "Entity": "Calendar"
                          }
                        },
                        "Property": "Week Day"
                      }
                    },
                    "Right": {
                      "Literal": {
                        "Value": "'Sat'"
                      }
                    }
                  }
                }
              }
            ]
          }
        },
        {
          "properties": {
            "value": {
              "expr": {
                "Literal": {
                  "Value": "43.999999592011D"
                }
              }
            }
          },
          "selector": {
            "data": [
              {
                "scopeId": {
                  "Comparison": {
                    "ComparisonKind": 0,
                    "Left": {
                      "Column": {
                        "Expression": {
                          "SourceRef": {
                            "Entity": "Calendar"
                          }
                        },
                        "Property": "Week Day"
                      }
                    },
                    "Right": {
                      "Literal": {
                        "Value": "'Fri'"
                      }
                    }
                  }
                }
              }
            ]
          }
        },
        {
          "properties": {
            "value": {
              "expr": {
                "Literal": {
                  "Value": "39.58528549908992D"
                }
              }
            }
          },
          "selector": {
            "data": [
              {
                "scopeId": {
                  "Comparison": {
                    "ComparisonKind": 0,
                    "Left": {
                      "Column": {
                        "Expression": {
                          "SourceRef": {
                            "Entity": "Calendar"
                          }
                        },
                        "Property": "Week Day"
                      }
                    },
                    "Right": {
                      "Literal": {
                        "Value": "'Sun'"
                      }
                    }
                  }
                }
              }
            ]
          }
        }
      ],
      "blankRows": [
        {
          "properties": {
            "showBlankRows": {
              "expr": {
                "Literal": {
                  "Value": "false"
                }
              }
            }
          }
        }
      ],
      "values": [
        {
          "properties": {
            "fontSize": {
              "expr": {
                "Literal": {
                  "Value": "8D"
                }
              }
            },
            "bandedRowHeaders": {
              "expr": {
                "Literal": {
                  "Value": "false"
                }
              }
            }
          }
        },
        {
          "properties": {
            "fontColor": {
              "solid": {
                "color": {
                  "expr": {
                    "FillRule": {
                      "Input": {
                        "Measure": {
                          "Expression": {
                            "SourceRef": {
                              "Entity": "Measure"
                            }
                          },
                          "Property": "Total Sales"
                        }
                      },
                      "FillRule": {
                        "linearGradient3": {
                          "min": {
                            "color": {
                              "Literal": {
                                "Value": "'#FFFAF6'"
                              }
                            },
                            "value": {
                              "Literal": {
                                "Value": "0D"
                              }
                            }
                          },
                          "mid": {
                            "color": {
                              "Literal": {
                                "Value": "'#D0B8A4'"
                              }
                            }
                          },
                          "max": {
                            "color": {
                              "Literal": {
                                "Value": "'#5F402B'"
                              }
                            }
                          },
                          "nullColoringStrategy": {
                            "strategy": {
                              "Literal": {
                                "Value": "'asZero'"
                              }
                            }
                          }
                        }
                      }
                    }
                  }
                }
              }
            },
            "backColor": {
              "solid": {
                "color": {
                  "expr": {
                    "FillRule": {
                      "Input": {
                        "Measure": {
                          "Expression": {
                            "SourceRef": {
                              "Entity": "Measure"
                            }
                          },
                          "Property": "Total Sales"
                        }
                      },
                      "FillRule": {
                        "linearGradient3": {
                          "min": {
                            "color": {
                              "Literal": {
                                "Value": "'#FFFAF6'"
                              }
                            },
                            "value": {
                              "Literal": {
                                "Value": "0D"
                              }
                            }
                          },
                          "mid": {
                            "color": {
                              "Literal": {
                                "Value": "'#D0B8A4'"
                              }
                            }
                          },
                          "max": {
                            "color": {
                              "Literal": {
                                "Value": "'#5F402B'"
                              }
                            }
                          },
                          "nullColoringStrategy": {
                            "strategy": {
                              "Literal": {
                                "Value": "'asZero'"
                              }
                            }
                          }
                        }
                      }
                    }
                  }
                }
              }
            }
          },
          "selector": {
            "data": [
              {
                "dataViewWildcard": {
                  "matchingOption": 1
                }
              }
            ],
            "metadata": "Measure.TotalSalesBlank"
          }
        }
      ],
      "subTotals": [
        {
          "properties": {
            "rowSubtotals": {
              "expr": {
                "Literal": {
                  "Value": "false"
                }
              }
            },
            "columnSubtotals": {
              "expr": {
                "Literal": {
                  "Value": "false"
                }
              }
            },
            "perColumnLevel": {
              "expr": {
                "Literal": {
                  "Value": "true"
                }
              }
            },
            "columnSubtotalsLabel": {
              "expr": {
                "Literal": {
                  "Value": "''"
                }
              }
            }
          }
        },
        {
          "properties": {
            "levelSubtotalEnabled": {
              "expr": {
                "Literal": {
                  "Value": "true"
                }
              }
            }
          },
          "selector": {
            "metadata": "Calendar.Week Day"
          }
        },
        {
          "properties": {
            "fontColor": {
              "solid": {
                "color": {
                  "expr": {
                    "ThemeDataColor": {
                      "ColorId": 0,
                      "Percent": 0
                    }
                  }
                }
              }
            },
            "applyToHeaders": {
              "expr": {
                "Literal": {
                  "Value": "true"
                }
              }
            }
          },
          "selector": {
            "id": "Column"
          }
        }
      ],
      "columnHeaders": [
        {
          "properties": {
            "fontSize": {
              "expr": {
                "Literal": {
                  "Value": "11D"
                }
              }
            },
            "outlineStyle": {
              "expr": {
                "Literal": {
                  "Value": "4D"
                }
              }
            },
            "outlineWeight": {
              "expr": {
                "Literal": {
                  "Value": "1D"
                }
              }
            },
            "outlineColor": {
              "solid": {
                "color": {
                  "expr": {
                    "Literal": {
                      "Value": "'#B08968'"
                    }
                  }
                }
              }
            },
            "wordWrap": {
              "expr": {
                "Literal": {
                  "Value": "true"
                }
              }
            }
          }
        }
      ],
      "rowHeaders": [
        {
          "properties": {
            "fontSize": {
              "expr": {
                "Literal": {
                  "Value": "12D"
                }
              }
            }
          }
        }
      ],
      "grid": [
        {
          "properties": {
            "gridHorizontal": {
              "expr": {
                "Literal": {
                  "Value": "false"
                }
              }
            },
            "gridHorizontalWeight": {
              "expr": {
                "Literal": {
                  "Value": "1D"
                }
              }
            },
            "gridHorizontalColor": {
              "solid": {
                "color": {
                  "expr": {
                    "ThemeDataColor": {
                      "ColorId": 0,
                      "Percent": 0
                    }
                  }
                }
              }
            },
            "gridVertical": {
              "expr": {
                "Literal": {
                  "Value": "false"
                }
              }
            },
            "outlineStyle": {
              "expr": {
                "Literal": {
                  "Value": "0D"
                }
              }
            },
            "outlineWeight": {
              "expr": {
                "Literal": {
                  "Value": "3D"
                }
              }
            }
          }
        }
      ]
    },
    "visualContainerObjects": {
      "padding": [
        {
          "properties": {
            "left": {
              "expr": {
                "Literal": {
                  "Value": "10D"
                }
              }
            },
            "right": {
              "expr": {
                "Literal": {
                  "Value": "10D"
                }
              }
            }
          }
        }
      ],
      "visualHeader": [
        {
          "properties": {
            "show": {
              "expr": {
                "Literal": {
                  "Value": "false"
                }
              }
            }
          }
        }
      ],
      "background": [
        {
          "properties": {
            "show": {
              "expr": {
                "Literal": {
                  "Value": "false"
                }
              }
            }
          }
        }
      ]
    },
    "drillFilterOtherVisuals": true
  },
  "parentGroupName": "5fb13f73110bd4b5c7ee"
}