{
  "name": "Custom",
  "visualStyles": {
    "page": {
      "*": {
        "outspace": [
          {
            "color": {
              "solid": {
                "color": "#438399"
              }
            },
            "transparency": 82
          }
        ],
        "background": [
          {
            "color": {
              "solid": {
                "color": "#438399"
              }
            }
          }
        ]
      }
    }
  },
  "textClasses": {
    "label": {
      "fontSize": 9
    },
    "callout": {
      "fontFace": "'Segoe UI', wf_segoe-ui_normal, helvetica, arial, sans-serif",
      "fontSize": 28
    },
    "title": {
      "fontFace": "'Segoe UI Semibold', wf_segoe-ui_semibold, helvetica, arial, sans-serif",
      "fontSize": 14,
      "color": "#7F5539"
    }
  },
  "dataColors": [
    "#7F5539",
    "#B08968",
    "#E6CCB2",
    "#3A7387",
    "#133A47",
    "#DDDDDD",
    "#DDDDDD",
    "#DDDDDD"
  ]
}