{
  "$schema": "https://developer.microsoft.com/json-schemas/fabric/item/report/definition/visualContainer/2.4.0/schema.json",
  "name": "acdb63c3f7b018785d93",
  "position": {
    "x": 692.10787486902,
    "y": 86.864182659880811,
    "z": 1000,
    "height": 237.02006824635504,
    "width": 670.74235807860259,
    "tabOrder": 2000
  },
  "visual": {
    "visualType": "scatterChart",
    "query": {
      "queryState": {
        "Category": {
          "projections": [
            {
              "field": {
                "Column": {
                  "Expression": {
                    "SourceRef": {
                      "Entity": "DIM_Product"
                    }
                  },
                  "Property": "Product"
                }
              },
              "queryRef": "DIM_Product.Product",
              "nativeQueryRef": "Product",
              "active": true
            }
          ]
        },
        "Series": {
          "projections": [
            {
              "field": {
                "Column": {
                  "Expression": {
                    "SourceRef": {
                      "Entity": "DIM_Product"
                    }
                  },
                  "Property": "Product Category"
                }
              },
              "queryRef": "DIM_Product.Product Category",
              "nativeQueryRef": "Product Category"
            }
          ]
        },
        "Tooltips": {
          "projections": [
            {
              "field": {
                "Measure": {
                  "Expression": {
                    "SourceRef": {
                      "Entity": "Measure"
                    }
                  },
                  "Property": "Total Number of Transactions"
                }
              },
              "queryRef": "Measure.Total Number of Transactions",
              "nativeQueryRef": "Number of Transactions",
              "displayName": "Number of Transactions"
            }
          ]
        },
        "X": {
          "projections": [
            {
              "field": {
                "Measure": {
                  "Expression": {
                    "SourceRef": {
                      "Entity": "Measure"
                    }
                  },
                  "Property": "Avg Unit Price"
                }
              },
              "queryRef": "Measure.Average Unit Price",
              "nativeQueryRef": "Unit Price",
              "active": true,
              "displayName": "Unit Price"
            }
          ]
        },
        "Y": {
          "projections": [
            {
              "field": {
                "Aggregation": {
                  "Expression": {
                    "Column": {
                      "Expression": {
                        "SourceRef": {
                          "Entity": "FACT_Transaction"
                        }
                      },
                      "Property": "Transaction Qty"
                    }
                  },
                  "Function": 1
                }
              },
              "queryRef": "Sum(FACT_Transaction.Transaction Qty)",
              "nativeQueryRef": "Quantity",
              "displayName": "Quantity"
            }
          ]
        }
      }
    },
    "objects": {
      "legend": [
        {
          "properties": {
            "showTitle": {
              "expr": {
                "Literal": {
                  "Value": "false"
                }
              }
            },
            "fontSize": {
              "expr": {
                "Literal": {
                  "Value": "9D"
                }
              }
            },
            "showGradientLegend": {
              "expr": {
                "Literal": {
                  "Value": "true"
                }
              }
            },
            "show": {
              "expr": {
                "Literal": {
                  "Value": "true"
                }
              }
            }
          }
        }
      ],
      "markers": [
        {
          "properties": {
            "borderShow": {
              "expr": {
                "Literal": {
                  "Value": "false"
                }
              }
            }
          }
        }
      ],
      "bubbles": [
        {
          "properties": {
            "bubbleSize": {
              "expr": {
                "Literal": {
                  "Value": "-13L"
                }
              }
            }
          }
        }
      ],
      "trend": [
        {
          "properties": {
            "show": {
              "expr": {
                "Literal": {
                  "Value": "true"
                }
              }
            },
            "displayName": {
              "expr": {
                "Literal": {
                  "Value": "'Trend line 1'"
                }
              }
            },
            "width": {
              "expr": {
                "Literal": {
                  "Value": "2D"
                }
              }
            },
            "transparency": {
              "expr": {
                "Literal": {
                  "Value": "58D"
                }
              }
            },
            "style": {
              "expr": {
                "Literal": {
                  "Value": "'custom'"
                }
              }
            }
          }
        }
      ],
      "valueAxis": [
        {
          "properties": {
            "gridlineShow": {
              "expr": {
                "Literal": {
                  "Value": "false"
                }
              }
            },
            "fontSize": {
              "expr": {
                "Literal": {
                  "Value": "9D"
                }
              }
            }
          }
        }
      ],
      "categoryAxis": [
        {
          "properties": {
            "gridlineShow": {
              "expr": {
                "Literal": {
                  "Value": "true"
                }
              }
            },
            "fontSize": {
              "expr": {
                "Literal": {
                  "Value": "9D"
                }
              }
            },
            "titleFontSize": {
              "expr": {
                "Literal": {
                  "Value": "9D"
                }
              }
            }
          }
        }
      ]
    },
    "visualContainerObjects": {
      "title": [
        {
          "properties": {
            "show": {
              "expr": {
                "Literal": {
                  "Value": "true"
                }
              }
            },
            "text": {
              "expr": {
                "Literal": {
                  "Value": "'How is the Transaction Quantity affected by the Price?'"
                }
              }
            },
            "fontSize": {
              "expr": {
                "Literal": {
                  "Value": "13D"
                }
              }
            }
          }
        }
      ],
      "padding": [
        {
          "properties": {
            "right": {
              "expr": {
                "Literal": {
                  "Value": "10D"
                }
              }
            },
            "left": {
              "expr": {
                "Literal": {
                  "Value": "10D"
                }
              }
            },
            "top": {
              "expr": {
                "Literal": {
                  "Value": "5D"
                }
              }
            },
            "bottom": {
              "expr": {
                "Literal": {
                  "Value": "10D"
                }
              }
            }
          }
        }
      ],
      "visualHeader": [
        {
          "properties": {
            "show": {
              "expr": {
                "Literal": {
                  "Value": "false"
                }
              }
            }
          }
        }
      ],
      "background": [
        {
          "properties": {
            "show": {
              "expr": {
                "Literal": {
                  "Value": "true"
                }
              }
            }
          }
        }
      ]
    },
    "drillFilterOtherVisuals": true
  }
}