{
  "$schema": "https://developer.microsoft.com/json-schemas/fabric/item/report/definition/bookmark/1.4.0/schema.json",
  "displayName": "Clear Overview",
  "name": "59847083875838b090e4",
  "options": {
    "targetVisualNames": []
  },
  "explorationState": {
    "version": "1.3",
    "activeSection": "9617590c3faccc4e2e2f",
    "sections": {
      "9617590c3faccc4e2e2f": {
        "visualContainers": {
          "b09ea925a058ffc83a99": {
            "filters": {
              "byExpr": [
                {
                  "name": "226af194ac87435a7001",
                  "type": "Categorical",
                  "expression": {
                    "Column": {
                      "Expression": {
                        "SourceRef": {
                          "Entity": "DIM_Product"
                        }
                      },
                      "Property": "Product Category"
                    }
                  },
                  "howCreated": 0
                },
                {
                  "name": "7a816e400ec0e2a7004d",
                  "type": "Categorical",
                  "expression": {
                    "Column": {
                      "Expression": {
                        "SourceRef": {
                          "Entity": "DIM_Product"
                        }
                      },
                      "Property": "Product Type"
                    }
                  },
                  "howCreated": 0
                },
                {
                  "name": "195e0ea36a17b08cecea",
                  "type": "Categorical",
                  "expression": {
                    "Column": {
                      "Expression": {
                        "SourceRef": {
                          "Entity": "DIM_Product"
                        }
                      },
                      "Property": "Product"
                    }
                  },
                  "howCreated": 0
                },
                {
                  "name": "e49930f5821599738561",
                  "type": "Advanced",
                  "expression": {
                    "Measure": {
                      "Expression": {
                        "SourceRef": {
                          "Entity": "Measure"
                        }
                      },
                      "Property": "Total Sales"
                    }
                  },
                  "howCreated": 0
                },
                {
                  "name": "68dc7a08509206ce5896",
                  "type": "Advanced",
                  "expression": {
                    "Arithmetic": {
                      "Left": {
                        "Measure": {
                          "Expression": {
                            "SourceRef": {
                              "Entity": "Measure"
                            }
                          },
                          "Property": "Total Sales"
                        }
                      },
                      "Right": {
                        "ScopedEval": {
                          "Expression": {
                            "Measure": {
                              "Expression": {
                                "SourceRef": {
                                  "Entity": "Measure"
                                }
                              },
                              "Property": "Total Sales"
                            }
                          },
                          "Scope": []
                        }
                      },
                      "Operator": 3
                    }
                  },
                  "howCreated": 0
                },
                {
                  "name": "c8c4cae8ee32311ac606",
                  "type": "Advanced",
                  "expression": {
                    "Measure": {
                      "Expression": {
                        "SourceRef": {
                          "Entity": "Measure"
                        }
                      },
                      "Property": "Avg Unit Price"
                    }
                  },
                  "howCreated": 0
                },
                {
                  "name": "00af9cb80a2b800b721e",
                  "type": "Advanced",
                  "expression": {
                    "Measure": {
                      "Expression": {
                        "SourceRef": {
                          "Entity": "Measure"
                        }
                      },
                      "Property": "Total Quantity"
                    }
                  },
                  "howCreated": 0
                }
              ]
            },
            "singleVisual": {
              "visualType": "pivotTable",
              "objects": {},
              "orderBy": [
                {
                  "Direction": 2,
                  "Expression": {
                    "Measure": {
                      "Expression": {
                        "SourceRef": {
                          "Entity": "Measure"
                        }
                      },
                      "Property": "Total Sales"
                    }
                  }
                }
              ],
              "activeProjections": {
                "Rows": [
                  {
                    "Column": {
                      "Expression": {
                        "SourceRef": {
                          "Entity": "DIM_Product"
                        }
                      },
                      "Property": "Product Category"
                    }
                  }
                ]
              },
              "expansionStates": [
                {
                  "roles": [
                    "Rows"
                  ],
                  "levels": [
                    {
                      "queryRefs": [
                        "DIM_Product.Product Category"
                      ],
                      "isCollapsed": true,
                      "identityKeys": [
                        {
                          "Column": {
                            "Expression": {
                              "SourceRef": {
                                "Entity": "DIM_Product"
                              }
                            },
                            "Property": "Product Category"
                          }
                        }
                      ],
                      "isPinned": true
                    },
                    {
                      "queryRefs": [
                        "DIM_Product.Product Type"
                      ],
                      "isCollapsed": true,
                      "isPinned": true
                    },
                    {
                      "queryRefs": [
                        "DIM_Product.Product"
                      ],
                      "isCollapsed": true
                    }
                  ],
                  "root": {
                    "identityValues": null
                  }
                }
              ]
            }
          },
          "d40dfbfd809350812e17": {
            "filters": {
              "byExpr": [
                {
                  "name": "b8e19dc0807b66ea1acc",
                  "type": "Categorical",
                  "expression": {
                    "Column": {
                      "Expression": {
                        "SourceRef": {
                          "Entity": "Calendar"
                        }
                      },
                      "Property": "Month Name"
                    }
                  },
                  "howCreated": 0
                },
                {
                  "name": "ee3ba4f8289dd7b72bc1",
                  "type": "Advanced",
                  "expression": {
                    "Measure": {
                      "Expression": {
                        "SourceRef": {
                          "Entity": "Measure"
                        }
                      },
                      "Property": "Total Sales"
                    }
                  },
                  "howCreated": 0
                }
              ]
            },
            "singleVisual": {
              "visualType": "clusteredColumnChart",
              "objects": {},
              "activeProjections": {
                "Category": [
                  {
                    "Column": {
                      "Expression": {
                        "SourceRef": {
                          "Entity": "Calendar"
                        }
                      },
                      "Property": "Month Name"
                    }
                  }
                ]
              }
            }
          },
          "ea7ac92c1f2c309364c9": {
            "filters": {
              "byExpr": [
                {
                  "name": "78c287cbae4b9d6dcd6a",
                  "type": "Categorical",
                  "expression": {
                    "Column": {
                      "Expression": {
                        "SourceRef": {
                          "Entity": "DIM_Product"
                        }
                      },
                      "Property": "Product Category"
                    }
                  },
                  "howCreated": 0
                },
                {
                  "name": "d1b42f6fcb97ec2a96b2",
                  "type": "Categorical",
                  "expression": {
                    "Column": {
                      "Expression": {
                        "SourceRef": {
                          "Entity": "DIM_Product"
                        }
                      },
                      "Property": "Product Type"
                    }
                  },
                  "howCreated": 0
                },
                {
                  "name": "904e94fa612c6a12027a",
                  "type": "Categorical",
                  "expression": {
                    "Column": {
                      "Expression": {
                        "SourceRef": {
                          "Entity": "DIM_Product"
                        }
                      },
                      "Property": "Product"
                    }
                  },
                  "howCreated": 0
                },
                {
                  "name": "78c3237b9cd7b0ae3ebb",
                  "type": "Advanced",
                  "expression": {
                    "Measure": {
                      "Expression": {
                        "SourceRef": {
                          "Entity": "Measure"
                        }
                      },
                      "Property": "Total Sales"
                    }
                  },
                  "howCreated": 0
                }
              ]
            },
            "singleVisual": {
              "visualType": "clusteredBarChart",
              "objects": {},
              "orderBy": [
                {
                  "Direction": 2,
                  "Expression": {
                    "Measure": {
                      "Expression": {
                        "SourceRef": {
                          "Entity": "Measure"
                        }
                      },
                      "Property": "Total Sales"
                    }
                  }
                }
              ],
              "activeProjections": {
                "Category": [
                  {
                    "Column": {
                      "Expression": {
                        "SourceRef": {
                          "Entity": "DIM_Product"
                        }
                      },
                      "Property": "Product Category"
                    }
                  }
                ]
              }
            }
          },
          "1a68daa9a7be659b8d46": {
            "singleVisual": {
              "visualType": "actionButton",
              "objects": {}
            }
          },
          "9564546eaa1cfa9a5e7f": {
            "filters": {
              "byExpr": [
                {
                  "name": "fca22b9a97c30b6bcdc0",
                  "type": "Categorical",
                  "expression": {
                    "Column": {
                      "Expression": {
                        "SourceRef": {
                          "Entity": "Calendar"
                        }
                      },
                      "Property": "Date"
                    }
                  },
                  "howCreated": 0
                }
              ]
            },
            "singleVisual": {
              "visualType": "Timeline1447991079100",
              "objects": {},
              "orderBy": [
                {
                  "Direction": 1,
                  "Expression": {
                    "Column": {
                      "Expression": {
                        "SourceRef": {
                          "Entity": "Calendar"
                        }
                      },
                      "Property": "Date"
                    }
                  }
                }
              ]
            }
          },
          "a4d3ab82369b0a830935": {
            "singleVisual": {
              "visualType": "actionButton",
              "objects": {}
            }
          },
          "e2ffede8e9b50f32754f": {
            "filters": {
              "byExpr": [
                {
                  "name": "fe9f64c53231602d404b",
                  "type": "Categorical",
                  "expression": {
                    "Column": {
                      "Expression": {
                        "SourceRef": {
                          "Entity": "DIM_Product"
                        }
                      },
                      "Property": "Product Category"
                    }
                  },
                  "howCreated": 0
                },
                {
                  "name": "60704eef5d3ee2005260",
                  "type": "Categorical",
                  "expression": {
                    "Column": {
                      "Expression": {
                        "SourceRef": {
                          "Entity": "DIM_Product"
                        }
                      },
                      "Property": "Product"
                    }
                  },
                  "howCreated": 0
                }
              ]
            },
            "singleVisual": {
              "visualType": "slicer",
              "objects": {
                "merge": {
                  "data": [
                    {
                      "properties": {
                        "mode": {
                          "expr": {
                            "Literal": {
                              "Value": "'Dropdown'"
                            }
                          }
                        },
                        "isInvertedSelectionMode": {
                          "expr": {
                            "Literal": {
                              "Value": "true"
                            }
                          }
                        }
                      }
                    }
                  ]
                }
              },
              "activeProjections": {
                "Values": [
                  {
                    "Column": {
                      "Expression": {
                        "SourceRef": {
                          "Entity": "DIM_Product"
                        }
                      },
                      "Property": "Product Category"
                    }
                  }
                ]
              },
              "expansionStates": [
                {
                  "roles": [
                    "Values"
                  ],
                  "levels": [
                    {
                      "queryRefs": [
                        "DIM_Product.Product Category"
                      ],
                      "isCollapsed": true,
                      "identityKeys": [
                        {
                          "Column": {
                            "Expression": {
                              "SourceRef": {
                                "Entity": "DIM_Product"
                              }
                            },
                            "Property": "Product Category"
                          }
                        }
                      ],
                      "isPinned": true
                    },
                    {
                      "queryRefs": [
                        "DIM_Product.Product"
                      ],
                      "isCollapsed": true,
                      "isPinned": true
                    }
                  ],
                  "root": {
                    "identityValues": null
                  }
                }
              ]
            }
          },
          "d349597244dbed2f4f5c": {
            "singleVisual": {
              "visualType": "actionButton",
              "objects": {}
            }
          },
          "4c6b050fadea041dc7f4": {
            "filters": {
              "byExpr": [
                {
                  "name": "05de40e193d18d376e87",
                  "type": "Categorical",
                  "expression": {
                    "Column": {
                      "Expression": {
                        "SourceRef": {
                          "Entity": "DIM_Store"
                        }
                      },
                      "Property": "Store"
                    }
                  },
                  "howCreated": 0
                }
              ]
            },
            "singleVisual": {
              "visualType": "slicer",
              "objects": {
                "merge": {
                  "data": [
                    {
                      "properties": {
                        "mode": {
                          "expr": {
                            "Literal": {
                              "Value": "'Dropdown'"
                            }
                          }
                        }
                      }
                    }
                  ]
                }
              },
              "activeProjections": {
                "Values": [
                  {
                    "Column": {
                      "Expression": {
                        "SourceRef": {
                          "Entity": "DIM_Store"
                        }
                      },
                      "Property": "Store"
                    }
                  }
                ]
              }
            }
          },
          "1a876c036c2b4aab40f6": {
            "filters": {
              "byExpr": [
                {
                  "name": "acb85a26e2dc3c0aea21",
                  "type": "Advanced",
                  "expression": {
                    "Measure": {
                      "Expression": {
                        "SourceRef": {
                          "Entity": "Measure"
                        }
                      },
                      "Property": "Total Quantity"
                    }
                  },
                  "howCreated": 0
                }
              ]
            },
            "singleVisual": {
              "visualType": "multiRowCard",
              "objects": {},
              "orderBy": [
                {
                  "Direction": 2,
                  "Expression": {
                    "Measure": {
                      "Expression": {
                        "SourceRef": {
                          "Entity": "Measure"
                        }
                      },
                      "Property": "Total Quantity"
                    }
                  }
                }
              ]
            }
          },
          "8a2c46e04e9c6215cc80": {
            "filters": {
              "byExpr": [
                {
                  "name": "394d902881066d8eda0c",
                  "type": "Categorical",
                  "expression": {
                    "Column": {
                      "Expression": {
                        "SourceRef": {
                          "Entity": "Calendar"
                        }
                      },
                      "Property": "Month Name"
                    }
                  },
                  "howCreated": 0
                },
                {
                  "name": "b8c224d24a1a0110aa7e",
                  "type": "Advanced",
                  "expression": {
                    "Measure": {
                      "Expression": {
                        "SourceRef": {
                          "Entity": "Measure"
                        }
                      },
                      "Property": "Total Quantity"
                    }
                  },
                  "howCreated": 0
                }
              ]
            },
            "singleVisual": {
              "visualType": "lineChart",
              "objects": {},
              "activeProjections": {
                "Category": [
                  {
                    "Column": {
                      "Expression": {
                        "SourceRef": {
                          "Entity": "Calendar"
                        }
                      },
                      "Property": "Month Name"
                    }
                  }
                ]
              }
            }
          },
          "41eaf1e9a518c28e0e9a": {
            "singleVisual": {
              "visualType": "shape",
              "objects": {}
            }
          },
          "ce3472d3c3df3f992050": {
            "filters": {
              "byExpr": [
                {
                  "name": "3fadb432631265ca2434",
                  "type": "Advanced",
                  "expression": {
                    "Measure": {
                      "Expression": {
                        "SourceRef": {
                          "Entity": "Measure"
                        }
                      },
                      "Property": "Total Sales"
                    }
                  },
                  "howCreated": 0
                }
              ]
            },
            "singleVisual": {
              "visualType": "card",
              "objects": {},
              "orderBy": [
                {
                  "Direction": 2,
                  "Expression": {
                    "Measure": {
                      "Expression": {
                        "SourceRef": {
                          "Entity": "Measure"
                        }
                      },
                      "Property": "Total Sales"
                    }
                  }
                }
              ]
            }
          },
          "f0b489b76ce804bfa0c5": {
            "filters": {
              "byExpr": [
                {
                  "name": "69f8766282abc09b3d0c",
                  "type": "Advanced",
                  "expression": {
                    "Measure": {
                      "Expression": {
                        "SourceRef": {
                          "Entity": "Measure"
                        }
                      },
                      "Property": "Total Sales"
                    }
                  },
                  "howCreated": 0
                },
                {
                  "name": "1b44abc4cd85a5bda900",
                  "type": "Categorical",
                  "expression": {
                    "Column": {
                      "Expression": {
                        "SourceRef": {
                          "Entity": "DIM_Store"
                        }
                      },
                      "Property": "Store"
                    }
                  },
                  "howCreated": 0
                }
              ]
            },
            "singleVisual": {
              "visualType": "donutChart",
              "objects": {},
              "orderBy": [
                {
                  "Direction": 2,
                  "Expression": {
                    "Measure": {
                      "Expression": {
                        "SourceRef": {
                          "Entity": "Measure"
                        }
                      },
                      "Property": "Total Sales"
                    }
                  }
                }
              ],
              "activeProjections": {
                "Category": [
                  {
                    "Column": {
                      "Expression": {
                        "SourceRef": {
                          "Entity": "DIM_Store"
                        }
                      },
                      "Property": "Store"
                    }
                  }
                ]
              }
            }
          },
          "ac260891237f02cc3697": {
            "filters": {
              "byExpr": [
                {
                  "name": "b9c1723c928de0345119",
                  "type": "Advanced",
                  "expression": {
                    "Measure": {
                      "Expression": {
                        "SourceRef": {
                          "Entity": "Measure"
                        }
                      },
                      "Property": "Total Quantity"
                    }
                  },
                  "howCreated": 0
                }
              ]
            },
            "singleVisual": {
              "visualType": "card",
              "objects": {},
              "orderBy": [
                {
                  "Direction": 2,
                  "Expression": {
                    "Measure": {
                      "Expression": {
                        "SourceRef": {
                          "Entity": "Measure"
                        }
                      },
                      "Property": "Total Quantity"
                    }
                  }
                }
              ]
            }
          },
          "6d67463aacee1fbe71e1": {
            "filters": {
              "byExpr": [
                {
                  "name": "cfd0072a987a9de6ec91",
                  "type": "Categorical",
                  "expression": {
                    "Column": {
                      "Expression": {
                        "SourceRef": {
                          "Entity": "DIM_Store"
                        }
                      },
                      "Property": "Store"
                    }
                  },
                  "howCreated": 0
                },
                {
                  "name": "5d08c821c30bbe1d3213",
                  "type": "Advanced",
                  "expression": {
                    "Measure": {
                      "Expression": {
                        "SourceRef": {
                          "Entity": "Measure"
                        }
                      },
                      "Property": "Total Quantity"
                    }
                  },
                  "howCreated": 0
                }
              ]
            },
            "singleVisual": {
              "visualType": "donutChart",
              "objects": {},
              "orderBy": [
                {
                  "Direction": 2,
                  "Expression": {
                    "Measure": {
                      "Expression": {
                        "SourceRef": {
                          "Entity": "Measure"
                        }
                      },
                      "Property": "Total Quantity"
                    }
                  }
                }
              ],
              "activeProjections": {
                "Category": [
                  {
                    "Column": {
                      "Expression": {
                        "SourceRef": {
                          "Entity": "DIM_Store"
                        }
                      },
                      "Property": "Store"
                    }
                  }
                ]
              }
            }
          },
          "7c48b3d301448a2130d2": {
            "filters": {
              "byExpr": [
                {
                  "name": "cbbbb920a7174727635c",
                  "type": "Advanced",
                  "expression": {
                    "Measure": {
                      "Expression": {
                        "SourceRef": {
                          "Entity": "Measure"
                        }
                      },
                      "Property": "Total Sales"
                    }
                  },
                  "howCreated": 0
                }
              ]
            },
            "singleVisual": {
              "visualType": "multiRowCard",
              "objects": {},
              "orderBy": [
                {
                  "Direction": 2,
                  "Expression": {
                    "Measure": {
                      "Expression": {
                        "SourceRef": {
                          "Entity": "Measure"
                        }
                      },
                      "Property": "Total Sales"
                    }
                  }
                }
              ]
            }
          },
          "d7f4ffb6e7878689b177": {
            "filters": {
              "byExpr": [
                {
                  "name": "ccffdd0cb05a0257001b",
                  "type": "Categorical",
                  "expression": {
                    "Column": {
                      "Expression": {
                        "SourceRef": {
                          "Entity": "Calendar"
                        }
                      },
                      "Property": "Month Name"
                    }
                  },
                  "howCreated": 0
                },
                {
                  "name": "97f59f30c7764edb4711",
                  "type": "Advanced",
                  "expression": {
                    "Measure": {
                      "Expression": {
                        "SourceRef": {
                          "Entity": "Measure"
                        }
                      },
                      "Property": "Total Sales"
                    }
                  },
                  "howCreated": 0
                }
              ]
            },
            "singleVisual": {
              "visualType": "lineChart",
              "objects": {},
              "activeProjections": {
                "Category": [
                  {
                    "Column": {
                      "Expression": {
                        "SourceRef": {
                          "Entity": "Calendar"
                        }
                      },
                      "Property": "Month Name"
                    }
                  }
                ]
              }
            }
          },
          "76591d7b32178d8267e1": {
            "singleVisual": {
              "visualType": "shape",
              "objects": {}
            }
          },
          "f783bd634716cfc06279": {
            "filters": {
              "byExpr": [
                {
                  "name": "bd826514c83e25b986c5",
                  "type": "Advanced",
                  "expression": {
                    "Measure": {
                      "Expression": {
                        "SourceRef": {
                          "Entity": "Measure"
                        }
                      },
                      "Property": "Total Quantity"
                    }
                  },
                  "howCreated": 0
                }
              ]
            },
            "singleVisual": {
              "visualType": "multiRowCard",
              "objects": {},
              "orderBy": [
                {
                  "Direction": 2,
                  "Expression": {
                    "Measure": {
                      "Expression": {
                        "SourceRef": {
                          "Entity": "Measure"
                        }
                      },
                      "Property": "Total Quantity"
                    }
                  }
                }
              ]
            }
          },
          "405d77606af3a073db92": {
            "filters": {
              "byExpr": [
                {
                  "name": "8accdb159497ee73dc5c",
                  "type": "Categorical",
                  "expression": {
                    "Column": {
                      "Expression": {
                        "SourceRef": {
                          "Entity": "Calendar"
                        }
                      },
                      "Property": "Month Name"
                    }
                  },
                  "howCreated": 0
                },
                {
                  "name": "a77aefdd0a7041b32615",
                  "type": "Advanced",
                  "expression": {
                    "Measure": {
                      "Expression": {
                        "SourceRef": {
                          "Entity": "Measure"
                        }
                      },
                      "Property": "Total Quantity"
                    }
                  },
                  "howCreated": 0
                }
              ]
            },
            "singleVisual": {
              "visualType": "lineChart",
              "objects": {},
              "activeProjections": {
                "Category": [
                  {
                    "Column": {
                      "Expression": {
                        "SourceRef": {
                          "Entity": "Calendar"
                        }
                      },
                      "Property": "Month Name"
                    }
                  }
                ]
              }
            }
          },
          "cd735d3b40c4f08ea00a": {
            "singleVisual": {
              "visualType": "shape",
              "objects": {}
            }
          }
        },
        "visualContainerGroups": {
          "6716f3d1aa4c34957e56": {
            "isHidden": false
          },
          "f81e98de5b2e87f538f3": {
            "isHidden": false
          },
          "316354bbf94677cfa03d": {
            "isHidden": false
          },
          "9bf8f2e6b98fdbc30295": {
            "isHidden": false
          },
          "520a94338b27e85ece38": {
            "isHidden": false
          }
        }
      }
    },
    "objects": {
      "merge": {
        "outspacePane": [
          {
            "properties": {
              "expanded": {
                "expr": {
                  "Literal": {
                    "Value": "false"
                  }
                }
              },
              "visible": {
                "expr": {
                  "Literal": {
                    "Value": "false"
                  }
                }
              }
            }
          }
        ]
      }
    }
  }
}