{
  "$schema": "https://developer.microsoft.com/json-schemas/fabric/item/report/definition/bookmark/1.4.0/schema.json",
  "displayName": "Clear Customer Behaviour",
  "name": "c3957a6b7d138e0f4043",
  "options": {
    "targetVisualNames": []
  },
  "explorationState": {
    "version": "1.3",
    "activeSection": "c5d2f389747ebbc0c1b7",
    "sections": {
      "c5d2f389747ebbc0c1b7": {
        "visualContainers": {
          "4b7393d354d44586e585": {
            "filters": {
              "byExpr": [
                {
                  "name": "83e98ab530c2e5cc5b0e",
                  "type": "TopN",
                  "filter": {
                    "Version": 2,
                    "From": [
                      {
                        "Name": "subquery",
                        "Expression": {
                          "Subquery": {
                            "Query": {
                              "Version": 2,
                              "From": [
                                {
                                  "Name": "d",
                                  "Entity": "DIM_Product",
                                  "Type": 0
                                },
                                {
                                  "Name": "m",
                                  "Entity": "Measure",
                                  "Type": 0
                                }
                              ],
                              "Select": [
                                {
                                  "Column": {
                                    "Expression": {
                                      "SourceRef": {
                                        "Source": "d"
                                      }
                                    },
                                    "Property": "Product"
                                  },
                                  "Name": "field"
                                }
                              ],
                              "OrderBy": [
                                {
                                  "Direction": 2,
                                  "Expression": {
                                    "Measure": {
                                      "Expression": {
                                        "SourceRef": {
                                          "Source": "m"
                                        }
                                      },
                                      "Property": "Total Sales"
                                    }
                                  }
                                }
                              ],
                              "Top": 5
                            }
                          }
                        },
                        "Type": 2
                      },
                      {
                        "Name": "d",
                        "Entity": "DIM_Product",
                        "Type": 0
                      }
                    ],
                    "Where": [
                      {
                        "Condition": {
                          "In": {
                            "Expressions": [
                              {
                                "Column": {
                                  "Expression": {
                                    "SourceRef": {
                                      "Source": "d"
                                    }
                                  },
                                  "Property": "Product"
                                }
                              }
                            ],
                            "Table": {
                              "SourceRef": {
                                "Source": "subquery"
                              }
                            }
                          }
                        }
                      }
                    ]
                  },
                  "expression": {
                    "Column": {
                      "Expression": {
                        "SourceRef": {
                          "Entity": "DIM_Product"
                        }
                      },
                      "Property": "Product"
                    }
                  },
                  "howCreated": 0
                },
                {
                  "name": "35acd646c0ba05bba859",
                  "type": "Advanced",
                  "expression": {
                    "Measure": {
                      "Expression": {
                        "SourceRef": {
                          "Entity": "Measure"
                        }
                      },
                      "Property": "Total Sales"
                    }
                  },
                  "howCreated": 0
                },
                {
                  "name": "21fffc6ab275c6c1a746",
                  "type": "Advanced",
                  "expression": {
                    "Measure": {
                      "Expression": {
                        "SourceRef": {
                          "Entity": "Measure"
                        }
                      },
                      "Property": "Total Sales Previous Month"
                    }
                  },
                  "howCreated": 0
                },
                {
                  "name": "48114041020b27253c36",
                  "type": "Advanced",
                  "expression": {
                    "Aggregation": {
                      "Expression": {
                        "Column": {
                          "Expression": {
                            "SourceRef": {
                              "Entity": "DIM_Product"
                            }
                          },
                          "Property": "Product Category"
                        }
                      },
                      "Function": 3
                    }
                  },
                  "howCreated": 0
                }
              ]
            },
            "singleVisual": {
              "visualType": "clusteredColumnChart",
              "objects": {},
              "orderBy": [
                {
                  "Direction": 2,
                  "Expression": {
                    "Measure": {
                      "Expression": {
                        "SourceRef": {
                          "Entity": "Measure"
                        }
                      },
                      "Property": "Total Sales Previous Month"
                    }
                  }
                }
              ],
              "activeProjections": {
                "Category": [
                  {
                    "Column": {
                      "Expression": {
                        "SourceRef": {
                          "Entity": "DIM_Product"
                        }
                      },
                      "Property": "Product"
                    }
                  }
                ]
              }
            }
          },
          "acdb63c3f7b018785d93": {
            "filters": {
              "byExpr": [
                {
                  "name": "18eb1a984807571ce3c8",
                  "type": "Advanced",
                  "expression": {
                    "Aggregation": {
                      "Expression": {
                        "Column": {
                          "Expression": {
                            "SourceRef": {
                              "Entity": "FACT_Transaction"
                            }
                          },
                          "Property": "Transaction Qty"
                        }
                      },
                      "Function": 1
                    }
                  },
                  "howCreated": 0
                },
                {
                  "name": "512bdd635a0089d2a0e4",
                  "type": "Categorical",
                  "expression": {
                    "Column": {
                      "Expression": {
                        "SourceRef": {
                          "Entity": "DIM_Product"
                        }
                      },
                      "Property": "Product"
                    }
                  },
                  "howCreated": 0
                },
                {
                  "name": "2813f28e7de058230407",
                  "type": "Categorical",
                  "expression": {
                    "Column": {
                      "Expression": {
                        "SourceRef": {
                          "Entity": "DIM_Product"
                        }
                      },
                      "Property": "Product Category"
                    }
                  },
                  "howCreated": 0
                },
                {
                  "name": "d01b0ab252b2c68c8212",
                  "type": "Advanced",
                  "expression": {
                    "Measure": {
                      "Expression": {
                        "SourceRef": {
                          "Entity": "Measure"
                        }
                      },
                      "Property": "Total Number of Transactions"
                    }
                  },
                  "howCreated": 0
                },
                {
                  "name": "9848783162a4e7c9709c",
                  "type": "Advanced",
                  "expression": {
                    "Measure": {
                      "Expression": {
                        "SourceRef": {
                          "Entity": "Measure"
                        }
                      },
                      "Property": "Avg Unit Price"
                    }
                  },
                  "howCreated": 0
                }
              ]
            },
            "singleVisual": {
              "visualType": "scatterChart",
              "objects": {},
              "activeProjections": {
                "Category": [
                  {
                    "Column": {
                      "Expression": {
                        "SourceRef": {
                          "Entity": "DIM_Product"
                        }
                      },
                      "Property": "Product"
                    }
                  }
                ],
                "X": [
                  {
                    "Measure": {
                      "Expression": {
                        "SourceRef": {
                          "Entity": "Measure"
                        }
                      },
                      "Property": "Avg Unit Price"
                    }
                  }
                ]
              }
            }
          },
          "8db1a5410905117b2d33": {
            "filters": {
              "byExpr": [
                {
                  "name": "da65a0ab964b21baa50a",
                  "type": "TopN",
                  "filter": {
                    "Version": 2,
                    "From": [
                      {
                        "Name": "subquery",
                        "Expression": {
                          "Subquery": {
                            "Query": {
                              "Version": 2,
                              "From": [
                                {
                                  "Name": "d",
                                  "Entity": "DIM_Product",
                                  "Type": 0
                                },
                                {
                                  "Name": "m",
                                  "Entity": "Measure",
                                  "Type": 0
                                }
                              ],
                              "Select": [
                                {
                                  "Column": {
                                    "Expression": {
                                      "SourceRef": {
                                        "Source": "d"
                                      }
                                    },
                                    "Property": "Product"
                                  },
                                  "Name": "field"
                                }
                              ],
                              "OrderBy": [
                                {
                                  "Direction": 1,
                                  "Expression": {
                                    "Measure": {
                                      "Expression": {
                                        "SourceRef": {
                                          "Source": "m"
                                        }
                                      },
                                      "Property": "Total Sales"
                                    }
                                  }
                                }
                              ],
                              "Top": 5
                            }
                          }
                        },
                        "Type": 2
                      },
                      {
                        "Name": "d",
                        "Entity": "DIM_Product",
                        "Type": 0
                      }
                    ],
                    "Where": [
                      {
                        "Condition": {
                          "In": {
                            "Expressions": [
                              {
                                "Column": {
                                  "Expression": {
                                    "SourceRef": {
                                      "Source": "d"
                                    }
                                  },
                                  "Property": "Product"
                                }
                              }
                            ],
                            "Table": {
                              "SourceRef": {
                                "Source": "subquery"
                              }
                            }
                          }
                        }
                      }
                    ]
                  },
                  "expression": {
                    "Column": {
                      "Expression": {
                        "SourceRef": {
                          "Entity": "DIM_Product"
                        }
                      },
                      "Property": "Product"
                    }
                  },
                  "howCreated": 0
                },
                {
                  "name": "b371a282b3405d5382e9",
                  "type": "Advanced",
                  "expression": {
                    "Measure": {
                      "Expression": {
                        "SourceRef": {
                          "Entity": "Measure"
                        }
                      },
                      "Property": "Total Sales"
                    }
                  },
                  "howCreated": 0
                },
                {
                  "name": "62c1d238d8c259a19e15",
                  "type": "Advanced",
                  "expression": {
                    "Measure": {
                      "Expression": {
                        "SourceRef": {
                          "Entity": "Measure"
                        }
                      },
                      "Property": "Total Sales Previous Month"
                    }
                  },
                  "howCreated": 0
                },
                {
                  "name": "601af46260e66b624c6a",
                  "type": "Advanced",
                  "expression": {
                    "Aggregation": {
                      "Expression": {
                        "Column": {
                          "Expression": {
                            "SourceRef": {
                              "Entity": "DIM_Product"
                            }
                          },
                          "Property": "Product Category"
                        }
                      },
                      "Function": 3
                    }
                  },
                  "howCreated": 0
                }
              ]
            },
            "singleVisual": {
              "visualType": "clusteredColumnChart",
              "objects": {},
              "orderBy": [
                {
                  "Direction": 2,
                  "Expression": {
                    "Measure": {
                      "Expression": {
                        "SourceRef": {
                          "Entity": "Measure"
                        }
                      },
                      "Property": "Total Sales Previous Month"
                    }
                  }
                }
              ],
              "activeProjections": {
                "Category": [
                  {
                    "Column": {
                      "Expression": {
                        "SourceRef": {
                          "Entity": "DIM_Product"
                        }
                      },
                      "Property": "Product"
                    }
                  }
                ]
              }
            }
          },
          "886518892e5eaee4b95d": {
            "filters": {
              "byExpr": [
                {
                  "name": "8d3ff6d53528d1771563",
                  "type": "Categorical",
                  "expression": {
                    "Column": {
                      "Expression": {
                        "SourceRef": {
                          "Entity": "Calendar"
                        }
                      },
                      "Property": "Week Day"
                    }
                  },
                  "howCreated": 0
                },
                {
                  "name": "add93a245d3ee618be6e",
                  "type": "Advanced",
                  "expression": {
                    "Column": {
                      "Expression": {
                        "SourceRef": {
                          "Entity": "Calendar"
                        }
                      },
                      "Property": "Week of Month"
                    }
                  },
                  "howCreated": 0
                },
                {
                  "name": "95aa9e101b3a5bea0c58",
                  "type": "Advanced",
                  "expression": {
                    "Aggregation": {
                      "Expression": {
                        "Column": {
                          "Expression": {
                            "SourceRef": {
                              "Entity": "Calendar"
                            }
                          },
                          "Property": "Day"
                        }
                      },
                      "Function": 3
                    }
                  },
                  "howCreated": 0
                }
              ]
            },
            "singleVisual": {
              "visualType": "pivotTable",
              "objects": {},
              "activeProjections": {
                "Columns": [
                  {
                    "Column": {
                      "Expression": {
                        "SourceRef": {
                          "Entity": "Calendar"
                        }
                      },
                      "Property": "Week Day"
                    }
                  }
                ],
                "Rows": [
                  {
                    "Column": {
                      "Expression": {
                        "SourceRef": {
                          "Entity": "Calendar"
                        }
                      },
                      "Property": "Week of Month"
                    }
                  }
                ]
              }
            }
          },
          "f7363180fbd85691b8a0": {
            "filters": {
              "byExpr": [
                {
                  "name": "f836885c99b5a4e91aab",
                  "type": "Categorical",
                  "expression": {
                    "Column": {
                      "Expression": {
                        "SourceRef": {
                          "Entity": "Calendar"
                        }
                      },
                      "Property": "Week Day"
                    }
                  },
                  "howCreated": 0
                },
                {
                  "name": "1d6d72c36e963ba6c409",
                  "type": "Advanced",
                  "expression": {
                    "Measure": {
                      "Expression": {
                        "SourceRef": {
                          "Entity": "Measure"
                        }
                      },
                      "Property": "Total Sales"
                    }
                  },
                  "howCreated": 0
                },
                {
                  "name": "4a4749fe5459a6405b8d",
                  "type": "Advanced",
                  "expression": {
                    "Measure": {
                      "Expression": {
                        "SourceRef": {
                          "Entity": "Measure"
                        }
                      },
                      "Property": "Total Sales Previous Month"
                    }
                  },
                  "howCreated": 0
                }
              ]
            },
            "singleVisual": {
              "visualType": "columnChart",
              "objects": {},
              "activeProjections": {
                "Category": [
                  {
                    "Column": {
                      "Expression": {
                        "SourceRef": {
                          "Entity": "Calendar"
                        }
                      },
                      "Property": "Week Day"
                    }
                  }
                ]
              }
            }
          },
          "422632af65d2ea7fa133": {
            "filters": {
              "byExpr": [
                {
                  "name": "8405269f6a03175d2924",
                  "type": "Categorical",
                  "expression": {
                    "Column": {
                      "Expression": {
                        "SourceRef": {
                          "Entity": "Calendar"
                        }
                      },
                      "Property": "Week Day"
                    }
                  },
                  "howCreated": 0
                },
                {
                  "name": "02d31b53001759932610",
                  "type": "Categorical",
                  "expression": {
                    "Column": {
                      "Expression": {
                        "SourceRef": {
                          "Entity": "FACT_Transaction"
                        }
                      },
                      "Property": "Transaction Time"
                    }
                  },
                  "howCreated": 0
                },
                {
                  "name": "c85ccfa2c2d68cb06ed6",
                  "type": "Advanced",
                  "expression": {
                    "Measure": {
                      "Expression": {
                        "SourceRef": {
                          "Entity": "Measure"
                        }
                      },
                      "Property": "TotalSalesBlank"
                    }
                  },
                  "howCreated": 0
                }
              ]
            },
            "singleVisual": {
              "visualType": "pivotTable",
              "objects": {},
              "orderBy": [
                {
                  "Direction": 1,
                  "Expression": {
                    "Column": {
                      "Expression": {
                        "SourceRef": {
                          "Entity": "FACT_Transaction"
                        }
                      },
                      "Property": "Transaction Time"
                    }
                  }
                }
              ],
              "activeProjections": {
                "Columns": [
                  {
                    "Column": {
                      "Expression": {
                        "SourceRef": {
                          "Entity": "Calendar"
                        }
                      },
                      "Property": "Week Day"
                    }
                  }
                ],
                "Rows": [
                  {
                    "Column": {
                      "Expression": {
                        "SourceRef": {
                          "Entity": "FACT_Transaction"
                        }
                      },
                      "Property": "Transaction Time"
                    }
                  }
                ]
              }
            }
          },
          "e19cc9326c3a331aed52": {
            "singleVisual": {
              "visualType": "actionButton",
              "objects": {}
            }
          },
          "354970995f27843b7353": {
            "filters": {
              "byExpr": [
                {
                  "name": "6da8cb507b10a0d2b63a",
                  "type": "Categorical",
                  "expression": {
                    "Column": {
                      "Expression": {
                        "SourceRef": {
                          "Entity": "DIM_Store"
                        }
                      },
                      "Property": "Store"
                    }
                  },
                  "howCreated": 0
                }
              ]
            },
            "singleVisual": {
              "visualType": "slicer",
              "objects": {
                "merge": {
                  "data": [
                    {
                      "properties": {
                        "mode": {
                          "expr": {
                            "Literal": {
                              "Value": "'Dropdown'"
                            }
                          }
                        }
                      }
                    }
                  ]
                }
              },
              "activeProjections": {
                "Values": [
                  {
                    "Column": {
                      "Expression": {
                        "SourceRef": {
                          "Entity": "DIM_Store"
                        }
                      },
                      "Property": "Store"
                    }
                  }
                ]
              }
            }
          },
          "76390b1232445897af5e": {
            "filters": {
              "byExpr": [
                {
                  "name": "8450a26f0c9ed00076c7",
                  "type": "Categorical",
                  "expression": {
                    "Column": {
                      "Expression": {
                        "SourceRef": {
                          "Entity": "DIM_Product"
                        }
                      },
                      "Property": "Product Category"
                    }
                  },
                  "howCreated": 0
                },
                {
                  "name": "bffe6e0ed9506aab6c75",
                  "type": "Categorical",
                  "expression": {
                    "Column": {
                      "Expression": {
                        "SourceRef": {
                          "Entity": "DIM_Product"
                        }
                      },
                      "Property": "Product"
                    }
                  },
                  "howCreated": 0
                }
              ]
            },
            "singleVisual": {
              "visualType": "slicer",
              "objects": {
                "merge": {
                  "data": [
                    {
                      "properties": {
                        "mode": {
                          "expr": {
                            "Literal": {
                              "Value": "'Dropdown'"
                            }
                          }
                        }
                      }
                    }
                  ]
                }
              },
              "activeProjections": {
                "Values": [
                  {
                    "Column": {
                      "Expression": {
                        "SourceRef": {
                          "Entity": "DIM_Product"
                        }
                      },
                      "Property": "Product Category"
                    }
                  },
                  {
                    "Column": {
                      "Expression": {
                        "SourceRef": {
                          "Entity": "DIM_Product"
                        }
                      },
                      "Property": "Product"
                    }
                  }
                ]
              },
              "expansionStates": [
                {
                  "roles": [
                    "Values"
                  ],
                  "levels": [
                    {
                      "queryRefs": [
                        "DIM_Product.Product Category"
                      ],
                      "isCollapsed": true,
                      "identityKeys": [
                        {
                          "Column": {
                            "Expression": {
                              "SourceRef": {
                                "Entity": "DIM_Product"
                              }
                            },
                            "Property": "Product Category"
                          }
                        }
                      ],
                      "isPinned": true
                    },
                    {
                      "queryRefs": [
                        "DIM_Product.Product"
                      ],
                      "isCollapsed": true,
                      "isPinned": true
                    }
                  ],
                  "root": {
                    "identityValues": null,
                    "children": [
                      {
                        "identityValues": [
                          {
                            "Literal": {
                              "Value": "'Coffee'"
                            }
                          }
                        ],
                        "isToggled": true
                      }
                    ]
                  }
                }
              ]
            }
          },
          "8ca9c51faa028a63e261": {
            "filters": {
              "byExpr": [
                {
                  "name": "de3c8714622d355a0599",
                  "type": "Categorical",
                  "expression": {
                    "Column": {
                      "Expression": {
                        "SourceRef": {
                          "Entity": "Calendar"
                        }
                      },
                      "Property": "Month Name Full"
                    }
                  },
                  "howCreated": 0
                }
              ]
            },
            "singleVisual": {
              "visualType": "advancedSlicerVisual",
              "objects": {
                "merge": {
                  "general": [
                    {
                      "properties": {
                        "filter": {
                          "filter": {
                            "Version": 2,
                            "From": [
                              {
                                "Name": "c",
                                "Entity": "Calendar",
                                "Type": 0
                              }
                            ],
                            "Where": [
                              {
                                "Condition": {
                                  "In": {
                                    "Expressions": [
                                      {
                                        "Column": {
                                          "Expression": {
                                            "SourceRef": {
                                              "Source": "c"
                                            }
                                          },
                                          "Property": "Month Name Full"
                                        }
                                      }
                                    ],
                                    "Values": [
                                      [
                                        {
                                          "Literal": {
                                            "Value": "'June'"
                                          }
                                        }
                                      ]
                                    ]
                                  }
                                }
                              }
                            ]
                          }
                        }
                      }
                    }
                  ],
                  "selection": [
                    {
                      "properties": {
                        "strictSingleSelect": {
                          "expr": {
                            "Literal": {
                              "Value": "true"
                            }
                          }
                        }
                      }
                    }
                  ]
                }
              }
            }
          },
          "31308f52e3a8a0b9d910": {
            "singleVisual": {
              "visualType": "actionButton",
              "objects": {}
            }
          },
          "5f2cae45189558328660": {
            "singleVisual": {
              "visualType": "actionButton",
              "objects": {}
            }
          }
        },
        "visualContainerGroups": {
          "5fb13f73110bd4b5c7ee": {
            "isHidden": false
          },
          "3f9dd933ac34dd544c02": {
            "isHidden": false
          }
        }
      }
    },
    "objects": {
      "merge": {
        "outspacePane": [
          {
            "properties": {
              "expanded": {
                "expr": {
                  "Literal": {
                    "Value": "false"
                  }
                }
              },
              "visible": {
                "expr": {
                  "Literal": {
                    "Value": "false"
                  }
                }
              }
            }
          }
        ]
      }
    }
  }
}