{
  "$schema": "https://developer.microsoft.com/json-schemas/fabric/item/report/definition/visualContainer/2.4.0/schema.json",
  "name": "4b7393d354d44586e585",
  "position": {
    "x": 692.10787486902,
    "y": 339.76703898459982,
    "z": 0,
    "height": 208.91975087694181,
    "width": 670.74235807860259,
    "tabOrder": 0
  },
  "visual": {
    "visualType": "clusteredColumnChart",
    "query": {
      "queryState": {
        "Category": {
          "projections": [
            {
              "field": {
                "Column": {
                  "Expression": {
                    "SourceRef": {
                      "Entity": "DIM_Product"
                    }
                  },
                  "Property": "Product"
                }
              },
              "queryRef": "DIM_Product.Product",
              "nativeQueryRef": "Product",
              "active": true
            }
          ]
        },
        "Tooltips": {
          "projections": [
            {
              "field": {
                "Aggregation": {
                  "Expression": {
                    "Column": {
                      "Expression": {
                        "SourceRef": {
                          "Entity": "DIM_Product"
                        }
                      },
                      "Property": "Product Category"
                    }
                  },
                  "Function": 3
                }
              },
              "queryRef": "Min(DIM_Product.Product Category)",
              "nativeQueryRef": "Product Category",
              "displayName": "Product Category"
            }
          ]
        },
        "Y": {
          "projections": [
            {
              "field": {
                "Measure": {
                  "Expression": {
                    "SourceRef": {
                      "Entity": "Measure"
                    }
                  },
                  "Property": "Total Sales"
                }
              },
              "queryRef": "Measure.Total Sales",
              "nativeQueryRef": "Latest Month",
              "displayName": "Latest Month"
            },
            {
              "field": {
                "Measure": {
                  "Expression": {
                    "SourceRef": {
                      "Entity": "Measure"
                    }
                  },
                  "Property": "Total Sales Previous Month"
                }
              },
              "queryRef": "Measure.Total Sales Previous Month",
              "nativeQueryRef": "Previous Month",
              "displayName": "Previous Month"
            }
          ]
        }
      },
      "sortDefinition": {
        "sort": [
          {
            "field": {
              "Measure": {
                "Expression": {
                  "SourceRef": {
                    "Entity": "Measure"
                  }
                },
                "Property": "Total Sales Previous Month"
              }
            },
            "direction": "Descending"
          }
        ]
      }
    },
    "objects": {
      "categoryAxis": [
        {
          "properties": {
            "showAxisTitle": {
              "expr": {
                "Literal": {
                  "Value": "false"
                }
              }
            },
            "fontSize": {
              "expr": {
                "Literal": {
                  "Value": "9D"
                }
              }
            },
            "maxMarginFactor": {
              "expr": {
                "Literal": {
                  "Value": "50L"
                }
              }
            },
            "innerPadding": {
              "expr": {
                "Literal": {
                  "Value": "25L"
                }
              }
            }
          }
        }
      ],
      "valueAxis": [
        {
          "properties": {
            "showAxisTitle": {
              "expr": {
                "Literal": {
                  "Value": "false"
                }
              }
            },
            "show": {
              "expr": {
                "Literal": {
                  "Value": "true"
                }
              }
            }
          }
        }
      ],
      "layout": [
        {
          "properties": {
            "clusteredGapOverlaps": {
              "expr": {
                "Literal": {
                  "Value": "true"
                }
              }
            },
            "clusteredGapSize": {
              "expr": {
                "Literal": {
                  "Value": "0D"
                }
              }
            },
            "seriesOrderReversed": {
              "expr": {
                "Literal": {
                  "Value": "true"
                }
              }
            },
            "seriesOrderSorted": {
              "expr": {
                "Literal": {
                  "Value": "false"
                }
              }
            },
            "clusteredGapOverlapReverse": {
              "expr": {
                "Literal": {
                  "Value": "true"
                }
              }
            }
          }
        }
      ],
      "dataPoint": [
        {
          "properties": {
            "fillTransparency": {
              "expr": {
                "Literal": {
                  "Value": "10D"
                }
              }
            },
            "fill": {
              "solid": {
                "color": {
                  "expr": {
                    "Literal": {
                      "Value": "'#DCC9B6'"
                    }
                  }
                }
              }
            }
          },
          "selector": {
            "metadata": "Measure.Total Sales Previous Month"
          }
        }
      ],
      "legend": [
        {
          "properties": {
            "showGradientLegend": {
              "expr": {
                "Literal": {
                  "Value": "true"
                }
              }
            },
            "show": {
              "expr": {
                "Literal": {
                  "Value": "true"
                }
              }
            },
            "fontSize": {
              "expr": {
                "Literal": {
                  "Value": "10D"
                }
              }
            }
          }
        }
      ],
      "labels": [
        {
          "properties": {
            "show": {
              "expr": {
                "Literal": {
                  "Value": "true"
                }
              }
            },
            "fontSize": {
              "expr": {
                "Literal": {
                  "Value": "9D"
                }
              }
            },
            "labelPosition": {
              "expr": {
                "Literal": {
                  "Value": "'OutsideEnd'"
                }
              }
            },
            "enableBackground": {
              "expr": {
                "Literal": {
                  "Value": "true"
                }
              }
            },
            "backgroundColor": {
              "solid": {
                "color": {
                  "expr": {
                    "ThemeDataColor": {
                      "ColorId": 0,
                      "Percent": 0
                    }
                  }
                }
              }
            },
            "backgroundTransparency": {
              "expr": {
                "Literal": {
                  "Value": "20L"
                }
              }
            }
          }
        },
        {
          "properties": {
            "labelPosition": {
              "expr": {
                "Literal": {
                  "Value": "'InsideCenter'"
                }
              }
            },
            "showSeries": {
              "expr": {
                "Literal": {
                  "Value": "false"
                }
              }
            },
            "enableValueDataLabel": {
              "expr": {
                "Literal": {
                  "Value": "false"
                }
              }
            },
            "enableBackground": {
              "expr": {
                "Literal": {
                  "Value": "false"
                }
              }
            }
          },
          "selector": {
            "metadata": "Measure.Total Sales Previous Month"
          }
        },
        {
          "properties": {
            "enableDetailDataLabel": {
              "expr": {
                "Literal": {
                  "Value": "true"
                }
              }
            },
            "labelPosition": {
              "expr": {
                "Literal": {
                  "Value": "'OutsideEnd'"
                }
              }
            },
            "labelOverflow": {
              "expr": {
                "Literal": {
                  "Value": "true"
                }
              }
            },
            "optimizeLabelDisplay": {
              "expr": {
                "Literal": {
                  "Value": "true"
                }
              }
            },
            "labelContainerMaxWidth": {
              "expr": {
                "Literal": {
                  "Value": "300D"
                }
              }
            },
            "labelContentLayout": {
              "expr": {
                "Literal": {
                  "Value": "'SingleLine'"
                }
              }
            },
            "horizontalAlignment": {
              "expr": {
                "Literal": {
                  "Value": "'right'"
                }
              }
            },
            "enableBackground": {
              "expr": {
                "Literal": {
                  "Value": "true"
                }
              }
            },
            "backgroundColor": {
              "solid": {
                "color": {
                  "expr": {
                    "ThemeDataColor": {
                      "ColorId": 0,
                      "Percent": 0
                    }
                  }
                }
              }
            },
            "backgroundTransparency": {
              "expr": {
                "Literal": {
                  "Value": "20L"
                }
              }
            },
            "detailLabelPrecision": {
              "expr": {
                "Literal": {
                  "Value": "1L"
                }
              }
            },
            "fontSize": {
              "expr": {
                "Literal": {
                  "Value": "10D"
                }
              }
            },
            "detailFontSize": {
              "expr": {
                "Literal": {
                  "Value": "10D"
                }
              }
            },
            "color": {
              "solid": {
                "color": {
                  "expr": {
                    "Literal": {
                      "Value": "'#7F5539'"
                    }
                  }
                }
              }
            },
            "detailFontFamily": {
              "expr": {
                "Literal": {
                  "Value": "'''Segoe UI Semibold'', wf_segoe-ui_semibold, helvetica, arial, sans-serif'"
                }
              }
            }
          },
          "selector": {
            "metadata": "Measure.Total Sales"
          }
        },
        {
          "properties": {
            "dynamicLabelDetail": {
              "expr": {
                "Measure": {
                  "Expression": {
                    "SourceRef": {
                      "Entity": "Measure"
                    }
                  },
                  "Property": "% Sales Change Format"
                }
              }
            }
          },
          "selector": {
            "data": [
              {
                "dataViewWildcard": {
                  "matchingOption": 1
                }
              }
            ],
            "metadata": "Measure.Total Sales",
            "highlightMatching": 1
          }
        },
        {
          "properties": {
            "detailColor": {
              "solid": {
                "color": {
                  "expr": {
                    "Conditional": {
                      "Cases": [
                        {
                          "Condition": {
                            "Comparison": {
                              "ComparisonKind": 0,
                              "Left": {
                                "Measure": {
                                  "Expression": {
                                    "SourceRef": {
                                      "Entity": "Measure"
                                    }
                                  },
                                  "Property": "% Sales Change"
                                }
                              },
                              "Right": {
                                "Literal": {
                                  "Value": "0D"
                                }
                              }
                            }
                          },
                          "Value": {
                            "Literal": {
                              "Value": "'#666666'"
                            }
                          }
                        },
                        {
                          "Condition": {
                            "And": {
                              "Left": {
                                "Comparison": {
                                  "ComparisonKind": 1,
                                  "Left": {
                                    "Measure": {
                                      "Expression": {
                                        "SourceRef": {
                                          "Entity": "Measure"
                                        }
                                      },
                                      "Property": "% Sales Change"
                                    }
                                  },
                                  "Right": {
                                    "Literal": {
                                      "Value": "-10000000000D"
                                    }
                                  }
                                }
                              },
                              "Right": {
                                "Comparison": {
                                  "ComparisonKind": 3,
                                  "Left": {
                                    "Measure": {
                                      "Expression": {
                                        "SourceRef": {
                                          "Entity": "Measure"
                                        }
                                      },
                                      "Property": "% Sales Change"
                                    }
                                  },
                                  "Right": {
                                    "Literal": {
                                      "Value": "0D"
                                    }
                                  }
                                }
                              }
                            }
                          },
                          "Value": {
                            "Literal": {
                              "Value": "'#CB1515'"
                            }
                          }
                        },
                        {
                          "Condition": {
                            "And": {
                              "Left": {
                                "Comparison": {
                                  "ComparisonKind": 1,
                                  "Left": {
                                    "Measure": {
                                      "Expression": {
                                        "SourceRef": {
                                          "Entity": "Measure"
                                        }
                                      },
                                      "Property": "% Sales Change"
                                    }
                                  },
                                  "Right": {
                                    "Literal": {
                                      "Value": "0D"
                                    }
                                  }
                                }
                              },
                              "Right": {
                                "Comparison": {
                                  "ComparisonKind": 3,
                                  "Left": {
                                    "Measure": {
                                      "Expression": {
                                        "SourceRef": {
                                          "Entity": "Measure"
                                        }
                                      },
                                      "Property": "% Sales Change"
                                    }
                                  },
                                  "Right": {
                                    "Literal": {
                                      "Value": "10000000D"
                                    }
                                  }
                                }
                              }
                            }
                          },
                          "Value": {
                            "Literal": {
                              "Value": "'#25B51B'"
                            }
                          }
                        }
                      ]
                    }
                  }
                }
              }
            }
          },
          "selector": {
            "data": [
              {
                "dataViewWildcard": {
                  "matchingOption": 1
                }
              }
            ],
            "metadata": "Measure.Total Sales"
          }
        }
      ],
      "general": [
        {
          "properties": {
            "responsive": {
              "expr": {
                "Literal": {
                  "Value": "false"
                }
              }
            }
          }
        }
      ]
    },
    "visualContainerObjects": {
      "padding": [
        {
          "properties": {
            "right": {
              "expr": {
                "Literal": {
                  "Value": "0D"
                }
              }
            },
            "bottom": {
              "expr": {
                "Literal": {
                  "Value": "8D"
                }
              }
            },
            "left": {
              "expr": {
                "Literal": {
                  "Value": "10D"
                }
              }
            },
            "top": {
              "expr": {
                "Literal": {
                  "Value": "5D"
                }
              }
            }
          }
        }
      ],
      "title": [
        {
          "properties": {
            "text": {
              "expr": {
                "Literal": {
                  "Value": "'What are the 5 Best-Selling Products?'"
                }
              }
            },
            "fontSize": {
              "expr": {
                "Literal": {
                  "Value": "13D"
                }
              }
            }
          }
        }
      ],
      "visualHeader": [
        {
          "properties": {
            "show": {
              "expr": {
                "Literal": {
                  "Value": "false"
                }
              }
            }
          }
        }
      ],
      "background": [
        {
          "properties": {
            "show": {
              "expr": {
                "Literal": {
                  "Value": "true"
                }
              }
            }
          }
        }
      ]
    },
    "drillFilterOtherVisuals": true
  },
  "filterConfig": {
    "filters": [
      {
        "name": "38beb801e1925ad557da",
        "field": {
          "Column": {
            "Expression": {
              "SourceRef": {
                "Entity": "DIM_Product"
              }
            },
            "Property": "Product"
          }
        },
        "type": "TopN",
        "filter": {
          "Version": 2,
          "From": [
            {
              "Name": "subquery",
              "Expression": {
                "Subquery": {
                  "Query": {
                    "Version": 2,
                    "From": [
                      {
                        "Name": "d",
                        "Entity": "DIM_Product",
                        "Type": 0
                      },
                      {
                        "Name": "m",
                        "Entity": "Measure",
                        "Type": 0
                      }
                    ],
                    "Select": [
                      {
                        "Column": {
                          "Expression": {
                            "SourceRef": {
                              "Source": "d"
                            }
                          },
                          "Property": "Product"
                        },
                        "Name": "field"
                      }
                    ],
                    "OrderBy": [
                      {
                        "Direction": 2,
                        "Expression": {
                          "Measure": {
                            "Expression": {
                              "SourceRef": {
                                "Source": "m"
                              }
                            },
                            "Property": "Total Sales"
                          }
                        }
                      }
                    ],
                    "Top": 5
                  }
                }
              },
              "Type": 2
            },
            {
              "Name": "d",
              "Entity": "DIM_Product",
              "Type": 0
            }
          ],
          "Where": [
            {
              "Condition": {
                "In": {
                  "Expressions": [
                    {
                      "Column": {
                        "Expression": {
                          "SourceRef": {
                            "Source": "d"
                          }
                        },
                        "Property": "Product"
                      }
                    }
                  ],
                  "Table": {
                    "SourceRef": {
                      "Source": "subquery"
                    }
                  }
                }
              }
            }
          ]
        }
      }
    ]
  }
}