{
  "version": "1.1.0",
  "diagrams": [
    {
      "ordinal": 0,
      "scrollPosition": {
        "x": 0,
        "y": 0
      },
      "nodes": [
        {
          "location": {
            "x": 345.25,
            "y": 0
          },
          "nodeIndex": "Calendar",
          "nodeLineageTag": "23bbaf44-36a4-4a30-86e2-2b4c94a50a30",
          "size": {
            "height": 300,
            "width": 234
          },
          "zIndex": 1
        },
        {
          "location": {
            "x": 725.42766307159354,
            "y": 344.07373501234366
          },
          "nodeIndex": "DIM_Product",
          "nodeLineageTag": "95a6d238-8168-4af1-a618-b8ae1b44f398",
          "size": {
            "height": 176,
            "width": 234
          },
          "zIndex": 2
        },
        {
          "location": {
            "x": 0,
            "y": 314.22797935943527
          },
          "nodeIndex": "DIM_Store",
          "nodeLineageTag": "cf0c52c9-d00d-4795-b7f2-3e98490a7e75",
          "size": {
            "height": 128,
            "width": 234
          },
          "zIndex": 3
        },
        {
          "location": {
            "x": 358.29816513761466,
            "y": 386.77675840978594
          },
          "nodeIndex": "FACT_Transaction",
          "nodeLineageTag": "38cc7390-940e-471a-ba3e-19e5a32dcbdb",
          "size": {
            "height": 224,
            "width": 234
          },
          "zIndex": 4
        },
        {
          "location": {
            "x": 693.15013948493049,
            "y": 0
          },
          "nodeIndex": "Measure",
          "nodeLineageTag": "de0bb51e-53cc-45cb-b11d-38ccdb80560f",
          "size": {
            "height": 210.64067278287465,
            "width": 234
          },
          "zIndex": 5
        }
      ],
      "name": "All tables",
      "zoomValue": 80,
      "pinKeyFieldsToTop": false,
      "showExtraHeaderInfo": false,
      "hideKeyFieldsWhenCollapsed": false,
      "tablesLocked": false
    }
  ],
  "selectedDiagram": "All tables",
  "defaultDiagram": "All tables"
}