{
  "$schema": "https://developer.microsoft.com/json-schemas/fabric/item/report/definition/visualContainer/2.4.0/schema.json",
  "name": "d40dfbfd809350812e17",
  "position": {
    "x": 992.262991298917,
    "y": 250.32774552525868,
    "z": 6000,
    "height": 238.26375778910165,
    "width": 633.35935614824484,
    "tabOrder": 6000
  },
  "visual": {
    "visualType": "clusteredColumnChart",
    "query": {
      "queryState": {
        "Category": {
          "projections": [
            {
              "field": {
                "Column": {
                  "Expression": {
                    "SourceRef": {
                      "Entity": "Calendar"
                    }
                  },
                  "Property": "Month Name"
                }
              },
              "queryRef": "Calendar.Month Name",
              "nativeQueryRef": "Month Name",
              "active": true
            }
          ]
        },
        "Y": {
          "projections": [
            {
              "field": {
                "Measure": {
                  "Expression": {
                    "SourceRef": {
                      "Entity": "Measure"
                    }
                  },
                  "Property": "Total Sales"
                }
              },
              "queryRef": "Measure.Total Sales",
              "nativeQueryRef": "Total Sales"
            }
          ]
        }
      }
    },
    "objects": {
      "categoryAxis": [
        {
          "properties": {
            "showAxisTitle": {
              "expr": {
                "Literal": {
                  "Value": "false"
                }
              }
            },
            "fontSize": {
              "expr": {
                "Literal": {
                  "Value": "9D"
                }
              }
            }
          }
        }
      ],
      "valueAxis": [
        {
          "properties": {
            "showAxisTitle": {
              "expr": {
                "Literal": {
                  "Value": "false"
                }
              }
            },
            "show": {
              "expr": {
                "Literal": {
                  "Value": "false"
                }
              }
            }
          }
        }
      ],
      "dataPoint": [
        {
          "properties": {
            "fill": {
              "solid": {
                "color": {
                  "expr": {
                    "Measure": {
                      "Expression": {
                        "SourceRef": {
                          "Entity": "Measure"
                        }
                      },
                      "Property": "Color for Month Sales"
                    }
                  }
                }
              }
            }
          },
          "selector": {
            "data": [
              {
                "dataViewWildcard": {
                  "matchingOption": 1
                }
              }
            ]
          }
        },
        {
          "properties": {
            "fillTransparency": {
              "expr": {
                "Literal": {
                  "Value": "0D"
                }
              }
            }
          }
        }
      ],
      "labels": [
        {
          "properties": {
            "show": {
              "expr": {
                "Literal": {
                  "Value": "true"
                }
              }
            },
            "enableDetailDataLabel": {
              "expr": {
                "Literal": {
                  "Value": "true"
                }
              }
            },
            "detailLabelDisplayUnits": {
              "expr": {
                "Literal": {
                  "Value": "1D"
                }
              }
            },
            "detailBold": {
              "expr": {
                "Literal": {
                  "Value": "false"
                }
              }
            },
            "fontSize": {
              "expr": {
                "Literal": {
                  "Value": "11D"
                }
              }
            },
            "detailFontSize": {
              "expr": {
                "Literal": {
                  "Value": "11D"
                }
              }
            },
            "labelPosition": {
              "expr": {
                "Literal": {
                  "Value": "'OutsideEnd'"
                }
              }
            },
            "enableBackground": {
              "expr": {
                "Literal": {
                  "Value": "true"
                }
              }
            },
            "backgroundColor": {
              "solid": {
                "color": {
                  "expr": {
                    "ThemeDataColor": {
                      "ColorId": 0,
                      "Percent": 0
                    }
                  }
                }
              }
            },
            "backgroundTransparency": {
              "expr": {
                "Literal": {
                  "Value": "20L"
                }
              }
            },
            "labelContentLayout": {
              "expr": {
                "Literal": {
                  "Value": "'MultiLine'"
                }
              }
            },
            "labelOverflow": {
              "expr": {
                "Literal": {
                  "Value": "true"
                }
              }
            },
            "optimizeLabelDisplay": {
              "expr": {
                "Literal": {
                  "Value": "true"
                }
              }
            },
            "labelContainerMaxWidth": {
              "expr": {
                "Literal": {
                  "Value": "200D"
                }
              }
            },
            "labelOrientation": {
              "expr": {
                "Literal": {
                  "Value": "1D"
                }
              }
            },
            "detailFontFamily": {
              "expr": {
                "Literal": {
                  "Value": "'''Segoe UI Semibold'', wf_segoe-ui_semibold, helvetica, arial, sans-serif'"
                }
              }
            },
            "horizontalAlignment": {
              "expr": {
                "Literal": {
                  "Value": "'center'"
                }
              }
            },
            "transparency": {
              "expr": {
                "Literal": {
                  "Value": "0D"
                }
              }
            }
          }
        },
        {
          "properties": {
            "dynamicLabelDetail": {
              "expr": {
                "Measure": {
                  "Expression": {
                    "SourceRef": {
                      "Entity": "Measure"
                    }
                  },
                  "Property": "% Sales Change Format"
                }
              }
            }
          },
          "selector": {
            "data": [
              {
                "dataViewWildcard": {
                  "matchingOption": 1
                }
              }
            ],
            "highlightMatching": 1
          }
        },
        {
          "properties": {
            "detailColor": {
              "solid": {
                "color": {
                  "expr": {
                    "Conditional": {
                      "Cases": [
                        {
                          "Condition": {
                            "Comparison": {
                              "ComparisonKind": 0,
                              "Left": {
                                "Measure": {
                                  "Expression": {
                                    "SourceRef": {
                                      "Entity": "Measure"
                                    }
                                  },
                                  "Property": "% Sales Change"
                                }
                              },
                              "Right": {
                                "Literal": {
                                  "Value": "0D"
                                }
                              }
                            }
                          },
                          "Value": {
                            "Literal": {
                              "Value": "'#333333'"
                            }
                          }
                        },
                        {
                          "Condition": {
                            "And": {
                              "Left": {
                                "Comparison": {
                                  "ComparisonKind": 1,
                                  "Left": {
                                    "Measure": {
                                      "Expression": {
                                        "SourceRef": {
                                          "Entity": "Measure"
                                        }
                                      },
                                      "Property": "% Sales Change"
                                    }
                                  },
                                  "Right": {
                                    "Literal": {
                                      "Value": "-1e+80D"
                                    }
                                  }
                                }
                              },
                              "Right": {
                                "Comparison": {
                                  "ComparisonKind": 3,
                                  "Left": {
                                    "Measure": {
                                      "Expression": {
                                        "SourceRef": {
                                          "Entity": "Measure"
                                        }
                                      },
                                      "Property": "% Sales Change"
                                    }
                                  },
                                  "Right": {
                                    "Literal": {
                                      "Value": "0D"
                                    }
                                  }
                                }
                              }
                            }
                          },
                          "Value": {
                            "Literal": {
                              "Value": "'#BB2D2D'"
                            }
                          }
                        },
                        {
                          "Condition": {
                            "And": {
                              "Left": {
                                "Comparison": {
                                  "ComparisonKind": 1,
                                  "Left": {
                                    "Measure": {
                                      "Expression": {
                                        "SourceRef": {
                                          "Entity": "Measure"
                                        }
                                      },
                                      "Property": "% Sales Change"
                                    }
                                  },
                                  "Right": {
                                    "Literal": {
                                      "Value": "0D"
                                    }
                                  }
                                }
                              },
                              "Right": {
                                "Comparison": {
                                  "ComparisonKind": 3,
                                  "Left": {
                                    "Measure": {
                                      "Expression": {
                                        "SourceRef": {
                                          "Entity": "Measure"
                                        }
                                      },
                                      "Property": "% Sales Change"
                                    }
                                  },
                                  "Right": {
                                    "Literal": {
                                      "Value": "100D"
                                    }
                                  }
                                }
                              }
                            }
                          },
                          "Value": {
                            "Literal": {
                              "Value": "'#1ECE26'"
                            }
                          }
                        }
                      ]
                    }
                  }
                }
              }
            },
            "color": {
              "solid": {
                "color": {
                  "expr": {
                    "Measure": {
                      "Expression": {
                        "SourceRef": {
                          "Entity": "Measure"
                        }
                      },
                      "Property": "Color for Month Sales"
                    }
                  }
                }
              }
            }
          },
          "selector": {
            "data": [
              {
                "dataViewWildcard": {
                  "matchingOption": 1
                }
              }
            ]
          }
        }
      ],
      "y1AxisReferenceLine": [
        {
          "properties": {
            "show": {
              "expr": {
                "Literal": {
                  "Value": "false"
                }
              }
            }
          },
          "selector": {
            "id": "0"
          }
        }
      ],
      "referenceLine": [
        {
          "properties": {
            "show": {
              "expr": {
                "Literal": {
                  "Value": "true"
                }
              }
            },
            "displayName": {
              "expr": {
                "Literal": {
                  "Value": "'Average'"
                }
              }
            },
            "value": {
              "expr": {
                "Aggregation": {
                  "Expression": {
                    "SelectRef": {
                      "ExpressionName": "Measure.Total Sales"
                    }
                  },
                  "Function": 1
                }
              }
            },
            "dataLabelShow": {
              "expr": {
                "Literal": {
                  "Value": "true"
                }
              }
            },
            "dataLabelText": {
              "expr": {
                "Literal": {
                  "Value": "'ValueAndName'"
                }
              }
            },
            "transparency": {
              "expr": {
                "Literal": {
                  "Value": "65D"
                }
              }
            },
            "dataLabelDisplayUnits": {
              "expr": {
                "Literal": {
                  "Value": "1D"
                }
              }
            },
            "dataLabelDecimalPoints": {
              "expr": {
                "Literal": {
                  "Value": "0D"
                }
              }
            }
          },
          "selector": {
            "metadata": "Measure.Total Sales",
            "id": "1"
          }
        }
      ],
      "general": [
        {
          "properties": {
            "responsive": {
              "expr": {
                "Literal": {
                  "Value": "false"
                }
              }
            }
          }
        }
      ]
    },
    "visualContainerObjects": {
      "border": [
        {
          "properties": {
            "show": {
              "expr": {
                "Literal": {
                  "Value": "false"
                }
              }
            },
            "color": {
              "solid": {
                "color": {
                  "expr": {
                    "ThemeDataColor": {
                      "ColorId": 0,
                      "Percent": 0
                    }
                  }
                }
              }
            },
            "radius": {
              "expr": {
                "Literal": {
                  "Value": "15D"
                }
              }
            }
          }
        }
      ],
      "visualHeader": [
        {
          "properties": {
            "show": {
              "expr": {
                "Literal": {
                  "Value": "false"
                }
              }
            }
          }
        }
      ],
      "title": [
        {
          "properties": {
            "text": {
              "expr": {
                "Literal": {
                  "Value": "'Sales by Month'"
                }
              }
            },
            "fontSize": {
              "expr": {
                "Literal": {
                  "Value": "14D"
                }
              }
            },
            "bold": {
              "expr": {
                "Literal": {
                  "Value": "true"
                }
              }
            }
          }
        }
      ],
      "padding": [
        {
          "properties": {
            "top": {
              "expr": {
                "Literal": {
                  "Value": "7D"
                }
              }
            },
            "bottom": {
              "expr": {
                "Literal": {
                  "Value": "10D"
                }
              }
            },
            "right": {
              "expr": {
                "Literal": {
                  "Value": "10D"
                }
              }
            },
            "left": {
              "expr": {
                "Literal": {
                  "Value": "10D"
                }
              }
            }
          }
        }
      ],
      "background": [
        {
          "properties": {
            "show": {
              "expr": {
                "Literal": {
                  "Value": "true"
                }
              }
            }
          }
        }
      ]
    },
    "drillFilterOtherVisuals": true
  }
}